Wavelength,Intensity,Group
197.75,3188,Blue
198.23,3072,Blue
198.71,3078.5,Blue
199.19,3074,Blue
199.67,3212,Blue
200.15,3194.5,Blue
200.63,3208.5,Blue
201.11,3173,Blue
201.59,3194.5,Blue
202.07,3183.5,Blue
202.55,3193.5,Blue
203.03,3186,Blue
203.51,3195,Blue
203.99,3195,Blue
204.47,3190.5,Blue
204.95,3192.5,Blue
205.42,3207,Blue
205.9,3197.5,Blue
206.38,3180,Blue
206.86,3193.5,Blue
207.34,3201,Blue
207.82,3195,Blue
208.3,3199.5,Blue
208.78,3196.5,Blue
209.26,3208.5,Blue
209.74,3219.5,Blue
210.22,3199.5,Blue
210.7,3221,Blue
211.18,3204.5,Blue
211.65,3208,Blue
212.13,3208.5,Blue
212.61,3203,Blue
213.09,3213.5,Blue
213.57,3209.5,Blue
214.05,3216,Blue
214.53,3222,Blue
215.01,3209.5,Blue
215.49,3222.5,Blue
215.96,3190.5,Blue
216.44,3190,Blue
216.92,3248.5,Blue
217.4,3201,Blue
217.88,3225,Blue
218.36,3219.5,Blue
218.84,3253.5,Blue
219.32,3219.5,Blue
219.79,3214,Blue
220.27,3235,Blue
220.75,3222.5,Blue
221.23,3195.5,Blue
221.71,3206.5,Blue
222.19,3194.5,Blue
222.66,3205,Blue
223.14,3204,Blue
223.62,3199.5,Blue
224.1,3205,Blue
224.58,3215.5,Blue
225.06,3210,Blue
225.53,3212,Blue
226.01,3197.5,Blue
226.49,3205,Blue
226.97,3214,Blue
227.45,3190,Blue
227.92,3219.5,Blue
228.4,3247,Blue
228.88,3206,Blue
229.36,3206,Blue
229.84,3225.5,Blue
230.31,3230,Blue
230.79,3213.5,Blue
231.27,3232.5,Blue
231.75,3204.5,Blue
232.22,3225,Blue
232.7,3215,Blue
233.18,3190,Blue
233.66,3222.5,Blue
234.14,3219.5,Blue
234.61,3219,Blue
235.09,3207,Blue
235.57,3216.5,Blue
236.05,3210,Blue
236.52,3235.5,Blue
237,3202.5,Blue
237.48,3212.5,Blue
237.96,3224.5,Blue
238.43,3228,Blue
238.91,3214.5,Blue
239.39,3206,Blue
239.86,3238,Blue
240.34,3222.5,Blue
240.82,3217.5,Blue
241.3,3223,Blue
241.77,3216,Blue
242.25,3237.5,Blue
242.73,3211,Blue
243.2,3208,Blue
243.68,3201,Blue
244.16,3215.5,Blue
244.64,3224,Blue
245.11,3212,Blue
245.59,3240.5,Blue
246.07,3222.5,Blue
246.54,3196,Blue
247.02,3196,Blue
247.5,3210.5,Blue
247.97,3214.5,Blue
248.45,3229,Blue
248.93,3210.5,Blue
249.4,3224.5,Blue
249.88,3207,Blue
250.36,3198,Blue
250.83,3217,Blue
251.31,3234.5,Blue
251.79,3243.5,Blue
252.26,3215,Blue
252.74,3208.5,Blue
253.21,3203.5,Blue
253.69,3204.5,Blue
254.17,3224.5,Blue
254.64,3197.5,Blue
255.12,3219.5,Blue
255.6,3205,Blue
256.07,3221.5,Blue
256.55,3204,Blue
257.02,3216.5,Blue
257.5,3236,Blue
257.98,3210,Blue
258.45,3213,Blue
258.93,3205.5,Blue
259.41,3242,Blue
259.88,3188.5,Blue
260.36,3219.5,Blue
260.83,3208.5,Blue
261.31,3218.5,Blue
261.78,3205.5,Blue
262.26,3223,Blue
262.74,3209.5,Blue
263.21,3206,Blue
263.69,3205,Blue
264.16,3220.5,Blue
264.64,3202,Blue
265.11,3222,Blue
265.59,3207,Blue
266.07,3201,Blue
266.54,3204.5,Blue
267.02,3211.5,Blue
267.49,3216.5,Blue
267.97,3217.5,Blue
268.44,3204.5,Blue
268.92,3237.5,Blue
269.39,3223.5,Blue
269.87,3209,Blue
270.34,3209,Blue
270.82,3217.5,Blue
271.3,3215.5,Blue
271.77,3203,Blue
272.25,3203,Blue
272.72,3205,Blue
273.2,3213.5,Blue
273.67,3226.5,Blue
274.15,3215.5,Blue
274.62,3220,Blue
275.1,3214.5,Blue
275.57,3190.5,Blue
276.05,3220.5,Blue
276.52,3209.5,Blue
277,3210,Blue
277.47,3213,Blue
277.95,3227,Blue
278.42,3214.5,Blue
278.89,3218,Blue
279.37,3209.5,Blue
279.84,3247.5,Blue
280.32,3231,Blue
280.79,3224.5,Blue
281.27,3218.5,Blue
281.74,3225.5,Blue
282.22,3220,Blue
282.69,3213.5,Blue
283.17,3195.5,Blue
283.64,3218,Blue
284.12,3211,Blue
284.59,3208,Blue
285.06,3217,Blue
285.54,3214.5,Blue
286.01,3227,Blue
286.49,3209.5,Blue
286.96,3203.5,Blue
287.44,3212.5,Blue
287.91,3219.5,Blue
288.38,3223.5,Blue
288.86,3217.5,Blue
289.33,3227,Blue
289.81,3209.5,Blue
290.28,3218.5,Blue
290.75,3212.5,Blue
291.23,3193.5,Blue
291.7,3215,Blue
292.18,3219.5,Blue
292.65,3215,Blue
293.12,3204.5,Blue
293.6,3221,Blue
294.07,3221.5,Blue
294.54,3213.5,Blue
295.02,3210.5,Blue
295.49,3217.5,Blue
295.97,3220.5,Blue
296.44,3194.5,Blue
296.91,3210,Blue
297.39,3218.5,Blue
297.86,3222,Blue
298.33,3192,Blue
298.81,3227.5,Blue
299.28,3210,Blue
299.75,3223,Blue
300.23,3221.5,Blue
300.7,3226,Blue
301.17,3287.5,Blue
301.65,3198.5,Blue
302.12,3231,Blue
302.59,3201,Blue
303.07,3207.5,Blue
303.54,3202.5,Blue
304.01,3216.5,Blue
304.49,3211.5,Blue
304.96,3228,Blue
305.43,3196.5,Blue
305.91,3200,Blue
306.38,3218.5,Blue
306.85,3207,Blue
307.32,3210.5,Blue
307.8,3220.5,Blue
308.27,3207,Blue
308.74,3238.5,Blue
309.22,3192.5,Blue
309.69,3203,Blue
310.16,3210.5,Blue
310.63,3198,Blue
311.11,3212.5,Blue
311.58,3204.5,Blue
312.05,3192.5,Blue
312.53,3211.5,Blue
313,3198,Blue
313.47,3217,Blue
313.94,3212.5,Blue
314.42,3212.5,Blue
314.89,3203.5,Blue
315.36,3251.5,Blue
315.83,3210.5,Blue
316.3,3233.5,Blue
316.78,3214,Blue
317.25,3213,Blue
317.72,3214.5,Blue
318.19,3209.5,Blue
318.67,3219,Blue
319.14,3205.5,Blue
319.61,3210,Blue
320.08,3206,Blue
320.55,3245,Blue
321.03,3215.5,Blue
321.5,3210,Blue
321.97,3200.5,Blue
322.44,3215.5,Blue
322.91,3219.5,Blue
323.39,3243,Blue
323.86,3217.5,Blue
324.33,3210.5,Blue
324.8,3198.5,Blue
325.27,3214,Blue
325.75,3207.5,Blue
326.22,3210.5,Blue
326.69,3223,Blue
327.16,3227.5,Blue
327.63,3207,Blue
328.1,3214,Blue
328.58,3227,Blue
329.05,3222.5,Blue
329.52,3216.5,Blue
329.99,3211.5,Blue
330.46,3211.5,Blue
330.93,3221.5,Blue
331.4,3192.5,Blue
331.88,3195.5,Blue
332.35,3202.5,Blue
332.82,3217.5,Blue
333.29,3208,Blue
333.76,3216,Blue
334.23,3226.5,Blue
334.7,3213.5,Blue
335.17,3226,Blue
335.65,3192.5,Blue
336.12,3208.5,Blue
336.59,3217,Blue
337.06,3210,Blue
337.53,3206,Blue
338,3212,Blue
338.47,3217,Blue
338.94,3223,Blue
339.41,3222,Blue
339.88,3219.5,Blue
340.36,3218.5,Blue
340.83,3213,Blue
341.3,3209,Blue
341.77,3214.5,Blue
342.24,3203,Blue
342.71,3196.5,Blue
343.18,3209,Blue
343.65,3203.5,Blue
344.12,3211.5,Blue
344.59,3193.5,Blue
345.06,3217,Blue
345.53,3208,Blue
346,3220,Blue
346.47,3222.5,Blue
346.94,3223.5,Blue
347.41,3223.5,Blue
347.89,3240,Blue
348.36,3215,Blue
348.83,3240,Blue
349.3,3230.5,Blue
349.77,3219,Blue
350.24,3203.5,Blue
350.71,3230.5,Blue
351.18,3221,Blue
351.65,3204,Blue
352.12,3224.5,Blue
352.59,3220.5,Blue
353.06,3209.5,Blue
353.53,3198.5,Blue
354,3222,Blue
354.47,3224.5,Blue
354.94,3228,Blue
355.41,3217.5,Blue
355.88,3208.5,Blue
356.35,3236.5,Blue
356.82,3223.5,Blue
357.29,3219,Blue
357.76,3225,Blue
358.23,3238,Blue
358.7,3212.5,Blue
359.16,3217.5,Blue
359.63,3221,Blue
360.1,3226.5,Blue
360.57,3212.5,Blue
361.04,3220.5,Blue
361.51,3223,Blue
361.98,3209,Blue
362.45,3225,Blue
362.92,3229,Blue
363.39,3210,Blue
363.86,3201,Blue
364.33,3222.5,Blue
364.8,3189.5,Blue
365.27,3214,Blue
365.74,3199,Blue
366.21,3229,Blue
366.67,3196.5,Blue
367.14,3218,Blue
367.61,3217.5,Blue
368.08,3211.5,Blue
368.55,3224,Blue
369.02,3226.5,Blue
369.49,3213.5,Blue
369.96,3241,Blue
370.43,3217,Blue
370.9,3212,Blue
371.36,3213.5,Blue
371.83,3205.5,Blue
372.3,3209,Blue
372.77,3265.5,Blue
373.24,3225,Blue
373.71,3214.5,Blue
374.18,3204.5,Blue
374.65,3212.5,Blue
375.11,3216,Blue
375.58,3218,Blue
376.05,3219,Blue
376.52,3230,Blue
376.99,3209,Blue
377.46,3208,Blue
377.93,3225.5,Blue
378.39,3215.5,Blue
378.86,3221.5,Blue
379.33,3203,Blue
379.8,3220.5,Blue
380.27,3229.5,Blue
380.74,3217,Blue
381.2,3246,Blue
381.67,3224,Blue
382.14,3208.5,Blue
382.61,3202.5,Blue
383.08,3215,Blue
383.54,3258,Blue
384.01,3202.5,Blue
384.48,3202.5,Blue
384.95,3215,Blue
385.42,3202,Blue
385.88,3225,Blue
386.35,3223,Blue
386.82,3215,Blue
387.29,3216.5,Blue
387.76,3208.5,Blue
388.22,3218.5,Blue
388.69,3222,Blue
389.16,3222,Blue
389.63,3214.5,Blue
390.1,3239.5,Blue
390.56,3223.5,Blue
391.03,3240,Blue
391.5,3206,Blue
391.97,3225.5,Blue
392.43,3230.5,Blue
392.9,3233.5,Blue
393.37,3223,Blue
393.84,3214,Blue
394.3,3211.5,Blue
394.77,3220,Blue
395.24,3236.5,Blue
395.7,3238,Blue
396.17,3215.5,Blue
396.64,3234.5,Blue
397.11,3215.5,Blue
397.57,3217,Blue
398.04,3236.5,Blue
398.51,3232.5,Blue
398.98,3211,Blue
399.44,3237,Blue
399.91,3232.5,Blue
400.38,3220.5,Blue
400.84,3232.5,Blue
401.31,3244,Blue
401.78,3252.5,Blue
402.24,3237.5,Blue
402.71,3263.5,Blue
403.18,3236.5,Blue
403.64,3236,Blue
404.11,3231,Blue
404.58,3249,Blue
405.05,3257,Blue
405.51,3257.5,Blue
405.98,3244,Blue
406.45,3250,Blue
406.91,3261,Blue
407.38,3248,Blue
407.84,3277,Blue
408.31,3270,Blue
408.78,3271,Blue
409.24,3294.5,Blue
409.71,3273.5,Blue
410.18,3296.5,Blue
410.64,3302,Blue
411.11,3336,Blue
411.58,3325.5,Blue
412.04,3324.5,Blue
412.51,3356,Blue
412.97,3349.5,Blue
413.44,3355,Blue
413.91,3376,Blue
414.37,3392,Blue
414.84,3412,Blue
415.31,3420.5,Blue
415.77,3457,Blue
416.24,3449.5,Blue
416.7,3497,Blue
417.17,3509,Blue
417.64,3561,Blue
418.1,3571,Blue
418.57,3629,Blue
419.03,3674,Blue
419.5,3710.5,Blue
419.96,3771,Blue
420.43,3803,Blue
420.9,3847,Blue
421.36,3926.5,Blue
421.83,3974.5,Blue
422.29,4062.5,Blue
422.76,4125.5,Blue
423.22,4206.5,Blue
423.69,4301.5,Blue
424.16,4363,Blue
424.62,4515.5,Blue
425.09,4597,Blue
425.55,4726,Blue
426.02,4829,Blue
426.48,5019,Blue
426.95,5162,Blue
427.41,5352,Blue
427.88,5490,Blue
428.34,5660.5,Blue
428.81,5823.5,Blue
429.27,6057.5,Blue
429.74,6265.5,Blue
430.2,6472.5,Blue
430.67,6776,Blue
431.13,7100.5,Blue
431.6,7497.5,Blue
432.06,7747.5,Blue
432.53,8041.5,Blue
432.99,8428,Blue
433.46,8827,Blue
433.92,9269.5,Blue
434.39,9712.5,Blue
434.85,10141.5,Blue
435.32,10618.5,Blue
435.78,11091.5,Blue
436.25,11674,Blue
436.71,12160,Blue
437.18,12724.5,Blue
437.64,13335,Blue
438.11,13972,Blue
438.57,14684.5,Blue
439.04,15279.5,Blue
439.5,15990.5,Blue
439.97,16664.5,Blue
440.43,17387.5,Blue
440.89,18090,Blue
441.36,18922.5,Blue
441.82,19771.5,Blue
442.29,20746.5,Blue
442.75,21546.5,Blue
443.22,22588.5,Blue
443.68,23710,Blue
444.14,24673.5,Blue
444.61,25804.5,Blue
445.07,26944.5,Blue
445.54,28095.5,Blue
446,29338.5,Blue
446.47,30602,Blue
446.93,31960.5,Blue
447.39,33366.5,Blue
447.86,34844.5,Blue
448.32,36332.5,Blue
448.79,37911,Blue
449.25,39330,Blue
449.71,41109,Blue
450.18,42637.5,Blue
450.64,44139,Blue
451.1,45776.5,Blue
451.57,46982.5,Blue
452.03,48349.5,Blue
452.5,49775,Blue
452.96,50924,Blue
453.42,52041.5,Blue
453.89,53286,Blue
454.35,54152.5,Blue
454.81,54727.5,Blue
455.28,55236,Blue
455.74,55777.5,Blue
456.2,55811.5,Blue
456.67,55793.5,Blue
457.13,55544.5,Blue
457.59,55111.5,Blue
458.06,54460.5,Blue
458.52,53618,Blue
458.98,52878,Blue
459.45,51840.5,Blue
459.91,50733,Blue
460.37,49441,Blue
460.84,48174,Blue
461.3,46591,Blue
461.76,45170,Blue
462.23,43633.5,Blue
462.69,42184.5,Blue
463.15,40655,Blue
463.62,39104,Blue
464.08,37775,Blue
464.54,36481.5,Blue
465,35161.5,Blue
465.47,33911.5,Blue
465.93,32850.5,Blue
466.39,31657.5,Blue
466.86,30696.5,Blue
467.32,29687,Blue
467.78,28807.5,Blue
468.24,27994.5,Blue
468.71,27086.5,Blue
469.17,26405.5,Blue
469.63,25586.5,Blue
470.09,24808.5,Blue
470.56,24269.5,Blue
471.02,23524,Blue
471.48,23030,Blue
471.94,22234,Blue
472.41,21745,Blue
472.87,21093.5,Blue
473.33,20529,Blue
473.79,19874,Blue
474.26,19201.5,Blue
474.72,18742,Blue
475.18,18168,Blue
475.64,17569,Blue
476.11,16883,Blue
476.57,16393.5,Blue
477.03,15767.5,Blue
477.49,15237.5,Blue
477.95,14769.5,Blue
478.42,14159.5,Blue
478.88,13672,Blue
479.34,13236,Blue
479.8,12713,Blue
480.26,12364.5,Blue
480.73,11825.5,Blue
481.19,11519.5,Blue
481.65,11098.5,Blue
482.11,10733,Blue
482.57,10442.5,Blue
483.04,10041,Blue
483.5,9695,Blue
483.96,9268,Blue
484.42,9055.5,Blue
484.88,8846.5,Blue
485.34,8604,Blue
485.81,8585,Blue
486.27,8295.5,Blue
486.73,8118,Blue
487.19,7857,Blue
487.65,7706.5,Blue
488.11,7537.5,Blue
488.57,7339.5,Blue
489.04,7253,Blue
489.5,7049,Blue
489.96,6910,Blue
490.42,6781.5,Blue
490.88,6658,Blue
491.34,6457,Blue
491.8,6387.5,Blue
492.27,6254,Blue
492.73,6125.5,Blue
493.19,5962,Blue
493.65,5888,Blue
494.11,5774.5,Blue
494.57,5678.5,Blue
495.03,5568,Blue
495.49,5418,Blue
495.95,5349,Blue
496.41,5253,Blue
496.88,5172.5,Blue
497.34,5086,Blue
497.8,5007.5,Blue
498.26,4937,Blue
498.72,4815,Blue
499.18,4766.5,Blue
499.64,4678.5,Blue
500.1,4604,Blue
500.56,4585,Blue
501.02,4501.5,Blue
501.48,4476.5,Blue
501.94,4402,Blue
502.4,4328,Blue
502.86,4323.5,Blue
503.32,4242.5,Blue
503.79,4221,Blue
504.25,4183,Blue
504.71,4097,Blue
505.17,4087.5,Blue
505.63,4078,Blue
506.09,4049,Blue
506.55,3975.5,Blue
507.01,3945,Blue
507.47,3920.5,Blue
507.93,3927,Blue
508.39,3855,Blue
508.85,3846.5,Blue
509.31,3825.5,Blue
509.77,3796,Blue
510.23,3786,Blue
510.69,3766.5,Blue
511.15,3731.5,Blue
511.61,3733.5,Blue
512.07,3706.5,Blue
512.53,3688,Blue
512.99,3656,Blue
513.45,3645,Blue
513.91,3614.5,Blue
514.37,3613.5,Blue
514.83,3587,Blue
515.29,3565.5,Blue
515.75,3571.5,Blue
516.21,3538.5,Blue
516.67,3540,Blue
517.13,3521,Blue
517.59,3500.5,Blue
518.05,3489.5,Blue
518.5,3492.5,Blue
518.96,3505.5,Blue
519.42,3480.5,Blue
519.88,3467,Blue
520.34,3433.5,Blue
520.8,3450.5,Blue
521.26,3429.5,Blue
521.72,3428.5,Blue
522.18,3421.5,Blue
522.64,3415.5,Blue
523.1,3405.5,Blue
523.56,3388,Blue
524.02,3405,Blue
524.48,3391.5,Blue
524.94,3384,Blue
525.39,3367,Blue
525.85,3365.5,Blue
526.31,3368,Blue
526.77,3353.5,Blue
527.23,3348,Blue
527.69,3346.5,Blue
528.15,3329.5,Blue
528.61,3337,Blue
529.07,3319,Blue
529.52,3329.5,Blue
529.98,3319,Blue
530.44,3332.5,Blue
530.9,3314,Blue
531.36,3309.5,Blue
531.82,3310,Blue
532.28,3314,Blue
532.74,3287,Blue
533.19,3331,Blue
533.65,3289.5,Blue
534.11,3306.5,Blue
534.57,3310.5,Blue
535.03,3286.5,Blue
535.49,3287,Blue
535.95,3304,Blue
536.4,3285.5,Blue
536.86,3303.5,Blue
537.32,3295,Blue
537.78,3279,Blue
538.24,3281,Blue
538.7,3291,Blue
539.15,3251.5,Blue
539.61,3273,Blue
540.07,3273.5,Blue
540.53,3277.5,Blue
540.99,3260,Blue
541.44,3270.5,Blue
541.9,3269,Blue
542.36,3269,Blue
542.82,3257.5,Blue
543.28,3270.5,Blue
543.73,3253.5,Blue
544.19,3250,Blue
544.65,3265.5,Blue
545.11,3256.5,Blue
545.57,3257,Blue
546.02,3259.5,Blue
546.48,3254,Blue
546.94,3251,Blue
547.4,3240.5,Blue
547.85,3282.5,Blue
548.31,3276,Blue
548.77,3267,Blue
549.23,3237.5,Blue
549.68,3253.5,Blue
550.14,3246,Blue
550.6,3242.5,Blue
551.06,3259,Blue
551.51,3273.5,Blue
551.97,3241,Blue
552.43,3253,Blue
552.89,3245,Blue
553.34,3258,Blue
553.8,3236,Blue
554.26,3232,Blue
554.72,3235,Blue
555.17,3241.5,Blue
555.63,3241,Blue
556.09,3244,Blue
556.54,3223.5,Blue
557,3258,Blue
557.46,3238,Blue
557.92,3228.5,Blue
558.37,3246,Blue
558.83,3226,Blue
559.29,3221.5,Blue
559.74,3222,Blue
560.2,3249,Blue
560.66,3212.5,Blue
561.11,3223.5,Blue
561.57,3224.5,Blue
562.03,3232,Blue
562.48,3235,Blue
562.94,3232,Blue
563.4,3240.5,Blue
563.85,3232,Blue
564.31,3233,Blue
564.77,3258.5,Blue
565.22,3227,Blue
565.68,3243.5,Blue
566.14,3232,Blue
566.59,3229,Blue
567.05,3238,Blue
567.51,3231,Blue
567.96,3260,Blue
568.42,3225,Blue
568.88,3228.5,Blue
569.33,3263.5,Blue
569.79,3222.5,Blue
570.24,3248,Blue
570.7,3227,Blue
571.16,3235.5,Blue
571.61,3217.5,Blue
572.07,3229.5,Blue
572.53,3222,Blue
572.98,3245,Blue
573.44,3220,Blue
573.89,3244.5,Blue
574.35,3233,Blue
574.81,3215.5,Blue
575.26,3236,Blue
575.72,3244.5,Blue
576.17,3226.5,Blue
576.63,3221.5,Blue
577.09,3212.5,Blue
577.54,3243,Blue
578,3220.5,Blue
578.45,3239,Blue
578.91,3214.5,Blue
579.36,3216,Blue
579.82,3219.5,Blue
580.28,3232,Blue
580.73,3227,Blue
581.19,3252.5,Blue
581.64,3218,Blue
582.1,3243.5,Blue
582.55,3211,Blue
583.01,3220,Blue
583.46,3217.5,Blue
583.92,3227,Blue
584.37,3229.5,Blue
584.83,3212,Blue
585.29,3222,Blue
585.74,3209.5,Blue
586.2,3211.5,Blue
586.65,3240,Blue
587.11,3213.5,Blue
587.56,3223,Blue
588.02,3232,Blue
588.47,3210,Blue
588.93,3220.5,Blue
589.38,3224,Blue
589.84,3218,Blue
590.29,3225,Blue
590.75,3231,Blue
591.2,3220.5,Blue
591.66,3220,Blue
592.11,3220.5,Blue
592.57,3226.5,Blue
593.02,3215,Blue
593.48,3228.5,Blue
593.93,3212.5,Blue
594.39,3228.5,Blue
594.84,3210.5,Blue
595.29,3236.5,Blue
595.75,3210,Blue
596.2,3245,Blue
596.66,3217.5,Blue
597.11,3207.5,Blue
597.57,3219.5,Blue
598.02,3227,Blue
598.48,3220,Blue
598.93,3226,Blue
599.39,3248,Blue
599.84,3227,Blue
600.29,3213,Blue
600.75,3208,Blue
601.2,3231,Blue
601.66,3213,Blue
602.11,3218.5,Blue
602.57,3217.5,Blue
603.02,3214.5,Blue
603.47,3230,Blue
603.93,3224,Blue
604.38,3224,Blue
604.84,3215.5,Blue
605.29,3220,Blue
605.74,3217,Blue
606.2,3250,Blue
606.65,3215,Blue
607.11,3221.5,Blue
607.56,3216.5,Blue
608.01,3217,Blue
608.47,3218.5,Blue
608.92,3218,Blue
609.38,3232,Blue
609.83,3220.5,Blue
610.28,3222,Blue
610.74,3232,Blue
611.19,3204,Blue
611.64,3211.5,Blue
612.1,3213.5,Blue
612.55,3236,Blue
613,3221.5,Blue
613.46,3222.5,Blue
613.91,3220,Blue
614.37,3193.5,Blue
614.82,3215.5,Blue
615.27,3211,Blue
615.73,3203.5,Blue
616.18,3221,Blue
616.63,3206.5,Blue
617.09,3205,Blue
617.54,3193,Blue
617.99,3233,Blue
618.45,3211,Blue
618.9,3197,Blue
619.35,3221.5,Blue
619.8,3210.5,Blue
620.26,3210.5,Blue
620.71,3239,Blue
621.16,3230,Blue
621.62,3216,Blue
622.07,3220,Blue
622.52,3226,Blue
622.98,3207.5,Blue
623.43,3223,Blue
623.88,3226.5,Blue
624.33,3222.5,Blue
624.79,3230,Blue
625.24,3204.5,Blue
625.69,3225.5,Blue
626.15,3224.5,Blue
626.6,3210,Blue
627.05,3230.5,Blue
627.5,3192.5,Blue
627.96,3214,Blue
628.41,3205.5,Blue
628.86,3208,Blue
629.31,3228.5,Blue
629.77,3213,Blue
630.22,3224,Blue
630.67,3219,Blue
631.12,3210.5,Blue
631.58,3231.5,Blue
632.03,3219.5,Blue
632.48,3209.5,Blue
632.93,3244,Blue
633.39,3211.5,Blue
633.84,3224.5,Blue
634.29,3209.5,Blue
634.74,3224.5,Blue
635.19,3210.5,Blue
635.65,3216,Blue
636.1,3223,Blue
636.55,3221.5,Blue
637,3233.5,Blue
637.45,3266.5,Blue
637.91,3213,Blue
638.36,3204.5,Blue
638.81,3219.5,Blue
639.26,3218,Blue
639.71,3219.5,Blue
640.17,3212,Blue
640.62,3244,Blue
641.07,3221,Blue
641.52,3221.5,Blue
641.97,3212.5,Blue
642.43,3205,Blue
642.88,3225,Blue
643.33,3222.5,Blue
643.78,3228.5,Blue
644.23,3231.5,Blue
644.68,3228,Blue
645.13,3233.5,Blue
645.59,3222,Blue
646.04,3233,Blue
646.49,3217.5,Blue
646.94,3210.5,Blue
647.39,3233,Blue
647.84,3227,Blue
648.29,3225.5,Blue
648.75,3220.5,Blue
649.2,3225,Blue
649.65,3207.5,Blue
650.1,3224.5,Blue
650.55,3240,Blue
651,3237,Blue
651.45,3225.5,Blue
651.9,3232,Blue
652.36,3222,Blue
652.81,3207.5,Blue
653.26,3216,Blue
653.71,3211.5,Blue
654.16,3231.5,Blue
654.61,3220.5,Blue
655.06,3216,Blue
655.51,3235,Blue
655.96,3218,Blue
656.41,3218.5,Blue
656.86,3227.5,Blue
657.32,3221,Blue
657.77,3237.5,Blue
658.22,3210.5,Blue
658.67,3212.5,Blue
659.12,3207.5,Blue
659.57,3215.5,Blue
660.02,3200.5,Blue
660.47,3225,Blue
660.92,3211,Blue
661.37,3215,Blue
661.82,3227.5,Blue
662.27,3206,Blue
662.72,3232,Blue
663.17,3207,Blue
663.62,3217.5,Blue
664.07,3204,Blue
664.52,3227.5,Blue
664.97,3217.5,Blue
665.42,3211.5,Blue
665.87,3234.5,Blue
666.32,3215.5,Blue
666.77,3212,Blue
667.23,3224,Blue
667.68,3207,Blue
668.13,3228,Blue
668.58,3206,Blue
669.03,3210.5,Blue
669.48,3220.5,Blue
669.93,3224,Blue
670.38,3209,Blue
670.83,3222,Blue
671.28,3204.5,Blue
671.72,3198,Blue
672.17,3219,Blue
672.62,3206,Blue
673.07,3205.5,Blue
673.52,3224.5,Blue
673.97,3212.5,Blue
674.42,3221,Blue
674.87,3200,Blue
675.32,3213.5,Blue
675.77,3187,Blue
676.22,3209.5,Blue
676.67,3223.5,Blue
677.12,3204.5,Blue
677.57,3215,Blue
678.02,3198.5,Blue
678.47,3206,Blue
678.92,3215.5,Blue
679.37,3217.5,Blue
679.82,3229.5,Blue
680.27,3211.5,Blue
680.72,3202,Blue
681.17,3215,Blue
681.61,3211.5,Blue
682.06,3203.5,Blue
682.51,3251,Blue
682.96,3202.5,Blue
683.41,3220,Blue
683.86,3210,Blue
684.31,3205.5,Blue
684.76,3235,Blue
685.21,3221,Blue
685.66,3195,Blue
686.11,3221,Blue
686.55,3213.5,Blue
687,3214.5,Blue
687.45,3229.5,Blue
687.9,3197.5,Blue
688.35,3211.5,Blue
688.8,3213,Blue
689.25,3209.5,Blue
689.7,3215.5,Blue
690.14,3203,Blue
690.59,3207.5,Blue
691.04,3200.5,Blue
691.49,3201,Blue
691.94,3203.5,Blue
692.39,3218,Blue
692.84,3216,Blue
693.29,3208,Blue
693.73,3204,Blue
694.18,3226,Blue
694.63,3215.5,Blue
695.08,3215,Blue
695.53,3187,Blue
695.98,3211,Blue
696.42,3208,Blue
696.87,3220.5,Blue
697.32,3260.5,Blue
697.77,3229,Blue
698.22,3209,Blue
698.66,3210.5,Blue
699.11,3207.5,Blue
699.56,3203.5,Blue
700.01,3218.5,Blue
700.46,3231.5,Blue
700.91,3210,Blue
701.35,3227.5,Blue
701.8,3200,Blue
702.25,3203.5,Blue
702.7,3209.5,Blue
703.14,3199,Blue
703.59,3217,Blue
704.04,3212.5,Blue
704.49,3192,Blue
704.94,3198.5,Blue
705.38,3210.5,Blue
705.83,3196,Blue
706.28,3211.5,Blue
706.73,3205.5,Blue
707.17,3228,Blue
707.62,3216.5,Blue
708.07,3192.5,Blue
708.52,3213.5,Blue
708.96,3218,Blue
709.41,3212.5,Blue
709.86,3215,Blue
710.31,3210,Blue
710.75,3206,Blue
711.2,3195,Blue
711.65,3213.5,Blue
712.1,3222,Blue
712.54,3210,Blue
712.99,3203.5,Blue
713.44,3211.5,Blue
713.89,3214.5,Blue
714.33,3217.5,Blue
714.78,3219.5,Blue
715.23,3204.5,Blue
715.67,3198.5,Blue
716.12,3197,Blue
716.57,3200.5,Blue
717.02,3220,Blue
717.46,3224,Blue
717.91,3213,Blue
718.36,3195,Blue
718.8,3200.5,Blue
719.25,3214,Blue
719.7,3205,Blue
720.14,3227.5,Blue
720.59,3212.5,Blue
721.04,3184,Blue
721.48,3209,Blue
721.93,3202.5,Blue
722.38,3243.5,Blue
722.82,3206,Blue
723.27,3223,Blue
723.72,3218.5,Blue
724.16,3221,Blue
724.61,3222.5,Blue
725.06,3215,Blue
725.5,3218,Blue
725.95,3189,Blue
726.4,3193,Blue
726.84,3211.5,Blue
727.29,3200.5,Blue
727.74,3201.5,Blue
728.18,3223,Blue
728.63,3206.5,Blue
729.07,3214.5,Blue
729.52,3243,Blue
729.97,3209,Blue
730.41,3199.5,Blue
730.86,3192,Blue
731.31,3214.5,Blue
731.75,3205.5,Blue
732.2,3206.5,Blue
732.64,3213.5,Blue
733.09,3207,Blue
733.54,3201.5,Blue
733.98,3209.5,Blue
734.43,3214.5,Blue
734.87,3228,Blue
735.32,3208.5,Blue
735.76,3205.5,Blue
736.21,3207.5,Blue
736.66,3201,Blue
737.1,3216.5,Blue
737.55,3193,Blue
737.99,3219,Blue
738.44,3237,Blue
738.88,3214,Blue
739.33,3210.5,Blue
739.78,3206,Blue
740.22,3199.5,Blue
740.67,3207,Blue
741.11,3197,Blue
741.56,3198,Blue
742,3211,Blue
742.45,3216.5,Blue
742.89,3195,Blue
743.34,3223.5,Blue
743.79,3210,Blue
744.23,3216,Blue
744.68,3213,Blue
745.12,3209.5,Blue
745.57,3209.5,Blue
746.01,3199,Blue
746.46,3199,Blue
746.9,3199.5,Blue
747.35,3201.5,Blue
747.79,3214.5,Blue
748.24,3186,Blue
748.68,3200.5,Blue
749.13,3197,Blue
749.57,3202,Blue
750.02,3213,Blue
750.46,3195,Blue
750.91,3222,Blue
751.35,3203,Blue
751.8,3206,Blue
752.24,3194,Blue
752.69,3226.5,Blue
753.13,3210,Blue
753.58,3200,Blue
754.02,3207,Blue
754.46,3217,Blue
754.91,3206,Blue
755.35,3196,Blue
755.8,3227.5,Blue
756.24,3191.5,Blue
756.69,3216,Blue
757.13,3204.5,Blue
757.58,3234.5,Blue
758.02,3186.5,Blue
758.47,3201,Blue
758.91,3211.5,Blue
759.35,3193.5,Blue
759.8,3222,Blue
760.24,3212,Blue
760.69,3199.5,Blue
761.13,3204,Blue
761.58,3206,Blue
762.02,3207.5,Blue
762.46,3194.5,Blue
762.91,3207.5,Blue
763.35,3216.5,Blue
763.8,3208,Blue
764.24,3198.5,Blue
764.68,3199,Blue
765.13,3200.5,Blue
765.57,3216,Blue
766.02,3205,Blue
766.46,3228,Blue
766.9,3196,Blue
767.35,3213.5,Blue
767.79,3197.5,Blue
768.24,3188.5,Blue
768.68,3212,Blue
769.12,3197,Blue
769.57,3221,Blue
770.01,3207,Blue
770.45,3205.5,Blue
770.9,3198.5,Blue
771.34,3204.5,Blue
771.78,3197,Blue
772.23,3193.5,Blue
772.67,3200,Blue
773.12,3198,Blue
773.56,3214,Blue
774,3244.5,Blue
774.45,3200,Blue
774.89,3203,Blue
775.33,3221.5,Blue
775.78,3212,Blue
776.22,3218,Blue
776.66,3198.5,Blue
777.11,3201.5,Blue
777.55,3215,Blue
777.99,3219.5,Blue
778.44,3217.5,Blue
778.88,3199,Blue
779.32,3209,Blue
779.76,3197,Blue
780.21,3203,Blue
780.65,3193,Blue
781.09,3192.5,Blue
781.54,3223,Blue
781.98,3210.5,Blue
782.42,3208.5,Blue
782.87,3213,Blue
783.31,3210.5,Blue
783.75,3222.5,Blue
784.19,3212.5,Blue
784.64,3206.5,Blue
785.08,3229.5,Blue
785.52,3245,Blue
785.96,3203,Blue
786.41,3214,Blue
786.85,3207,Blue
787.29,3221.5,Blue
787.74,3208.5,Blue
788.18,3209,Blue
788.62,3201.5,Blue
789.06,3197.5,Blue
789.51,3212,Blue
789.95,3183,Blue
790.39,3238,Blue
790.83,3209.5,Blue
791.27,3191.5,Blue
791.72,3221,Blue
792.16,3206,Blue
792.6,3206,Blue
793.04,3207,Blue
793.49,3206,Blue
793.93,3200.5,Blue
794.37,3218.5,Blue
794.81,3190,Blue
795.25,3227,Blue
795.7,3193.5,Blue
796.14,3204.5,Blue
796.58,3208.5,Blue
797.02,3200.5,Blue
797.46,3228.5,Blue
797.91,3245.5,Blue
798.35,3203,Blue
798.79,3210,Blue
799.23,3212,Blue
799.67,3205.5,Blue
800.12,3214.5,Blue
800.56,3186.5,Blue
801,3215,Blue
801.44,3202.5,Blue
801.88,3204,Blue
802.32,3218.5,Blue
802.77,3198.5,Blue
803.21,3202,Blue
803.65,3188.5,Blue
804.09,3202.5,Blue
804.53,3206,Blue
804.97,3231.5,Blue
805.42,3205.5,Blue
805.86,3190.5,Blue
806.3,3210,Blue
806.74,3209,Blue
807.18,3201,Blue
807.62,3189.5,Blue
808.06,3217,Blue
808.51,3223,Blue
808.95,3210,Blue
809.39,3236.5,Blue
809.83,3186.5,Blue
810.27,3228.5,Blue
810.71,3213.5,Blue
811.15,3197,Blue
811.59,3212.5,Blue
812.03,3215,Blue
812.48,3195,Blue
812.92,3196,Blue
813.36,3204,Blue
813.8,3214.5,Blue
814.24,3193.5,Blue
814.68,3196.5,Blue
815.12,3222.5,Blue
815.56,3190,Blue
816,3210,Blue
816.44,3189,Blue
816.88,3208.5,Blue
817.32,3197,Blue
817.77,3219.5,Blue
818.21,3214,Blue
818.65,3191,Blue
819.09,3186.5,Blue
819.53,3197.5,Blue
819.97,3196.5,Blue
820.41,3215,Blue
820.85,3189,Blue
821.29,3226,Blue
821.73,3204,Blue
822.17,3188.5,Blue
822.61,3197,Blue
823.05,3230.5,Blue
823.49,3204.5,Blue
823.93,3193.5,Blue
824.37,3193.5,Blue
824.81,3195.5,Blue
825.25,3208,Blue
825.69,3205.5,Blue
826.13,3233.5,Blue
826.57,3235.5,Blue
827.01,3193.5,Blue
827.45,3189.5,Blue
827.89,3192.5,Blue
828.33,3209,Blue
828.77,3204,Blue
829.21,3182.5,Blue
829.65,3206,Blue
830.09,3202,Blue
830.53,3216.5,Blue
830.97,3189,Blue
831.41,3226,Blue
831.85,3209.5,Blue
832.29,3212.5,Blue
832.73,3199,Blue
833.17,3190.5,Blue
833.61,3204,Blue
834.05,3211.5,Blue
834.49,3200,Blue
834.93,3199,Blue
835.37,3211,Blue
835.81,3202.5,Blue
836.25,3197,Blue
836.69,3210,Blue
837.13,3208,Blue
837.57,3199.5,Blue
838.01,3207,Blue
838.45,3235,Blue
838.89,3221.5,Blue
839.33,3194.5,Blue
839.77,3204,Blue
840.2,3202,Blue
840.64,3196,Blue
841.08,3200.5,Blue
841.52,3219.5,Blue
841.96,3196.5,Blue
842.4,3206,Blue
842.84,3210,Blue
843.28,3230,Blue
843.72,3196,Blue
844.16,3194,Blue
844.6,3208.5,Blue
845.04,3197.5,Blue
845.47,3186,Blue
845.91,3194.5,Blue
846.35,3213,Blue
846.79,3180.5,Blue
847.23,3179.5,Blue
847.67,3219,Blue
848.11,3197,Blue
848.55,3190,Blue
848.99,3211,Blue
849.42,3203,Blue
849.86,3191.5,Blue
850.3,3218.5,Blue
850.74,3212.5,Blue
851.18,3202,Blue
851.62,3203.5,Blue
852.06,3190.5,Blue
852.49,3198.5,Blue
852.93,3215,Blue
853.37,3182.5,Blue
853.81,3194,Blue
854.25,3189.5,Blue
854.69,3193,Blue
855.12,3213.5,Blue
855.56,3211,Blue
856,3197.5,Blue
856.44,3197,Blue
856.88,3202,Blue
857.32,3191.5,Blue
857.75,3211.5,Blue
858.19,3213.5,Blue
858.63,3193.5,Blue
859.07,3194.5,Blue
859.51,3191,Blue
859.95,3204.5,Blue
860.38,3209.5,Blue
860.82,3192,Blue
861.26,3204.5,Blue
861.7,3201.5,Blue
862.14,3204.5,Blue
862.57,3212.5,Blue
863.01,3202,Blue
863.45,3211.5,Blue
863.89,3215.5,Blue
864.32,3207.5,Blue
864.76,3216.5,Blue
865.2,3220,Blue
865.64,3211,Blue
866.08,3223.5,Blue
866.51,3198.5,Blue
866.95,3186.5,Blue
867.39,3226,Blue
867.83,3205.5,Blue
868.26,3215.5,Blue
868.7,3207.5,Blue
869.14,3199.5,Blue
869.58,3206,Blue
870.01,3201,Blue
870.45,3201.5,Blue
870.89,3200,Blue
871.33,3190.5,Blue
871.76,3191.5,Blue
872.2,3198,Blue
872.64,3192.5,Blue
873.07,3195,Blue
873.51,3203.5,Blue
873.95,3196,Blue
874.39,3233,Blue
874.82,3199.5,Blue
875.26,3223,Blue
875.7,3204,Blue
876.13,3222.5,Blue
876.57,3199.5,Blue
877.01,3225,Blue
877.45,3215.5,Blue
877.88,3199.5,Blue
878.32,3202.5,Blue
878.76,3216,Blue
879.19,3202.5,Blue
879.63,3213.5,Blue
880.07,3202,Blue
880.5,3188.5,Blue
880.94,3199.5,Blue
881.38,3202.5,Blue
881.81,3199,Blue
882.25,3199.5,Blue
882.69,3219,Blue
883.12,3193.5,Blue
883.56,3198.5,Blue
884,3205.5,Blue
884.43,3188.5,Blue
884.87,3202.5,Blue
885.31,3188.5,Blue
885.74,3195.5,Blue
886.18,3201,Blue
886.62,3197.5,Blue
887.05,3199.5,Blue
887.49,3191.5,Blue
887.92,3205,Blue
888.36,3211,Blue
888.8,3200,Blue
889.23,3195.5,Blue
889.67,3206,Blue
890.11,3195.5,Blue
890.54,3186,Blue
890.98,3193,Blue
891.41,3203.5,Blue
891.85,3202,Blue
892.29,3197,Blue
892.72,3215,Blue
893.16,3196.5,Blue
893.59,3191,Blue
894.03,3191,Blue
894.47,3197,Blue
894.9,3198.5,Blue
895.34,3182,Blue
895.77,3198,Blue
896.21,3222,Blue
896.65,3189.5,Blue
897.08,3185.5,Blue
897.52,3204,Blue
897.95,3206,Blue
898.39,3204,Blue
898.82,3200.5,Blue
899.26,3206.5,Blue
899.7,3211,Blue
900.13,3186.5,Blue
900.57,3213.5,Blue
901,3189.5,Blue
901.44,3185.5,Blue
901.87,3213,Blue
902.31,3183,Blue
902.74,3203.5,Blue
903.18,3200.5,Blue
903.61,3204.5,Blue
904.05,3198.5,Blue
904.48,3197.5,Blue
904.92,3205.5,Blue
905.36,3201,Blue
905.79,3210.5,Blue
906.23,3197,Blue
906.66,3206,Blue
907.1,3223,Blue
907.53,3194.5,Blue
907.97,3209.5,Blue
908.4,3203.5,Blue
908.84,3189,Blue
909.27,3198,Blue
909.71,3197,Blue
910.14,3192,Blue
910.58,3198,Blue
911.01,3196.5,Blue
911.45,3209.5,Blue
911.88,3221,Blue
912.32,3209,Blue
912.75,3198,Blue
913.18,3211,Blue
913.62,3227,Blue
914.05,3202.5,Blue
914.49,3212.5,Blue
914.92,3206.5,Blue
915.36,3210,Blue
915.79,3197,Blue
916.23,3200,Blue
916.66,3203.5,Blue
917.1,3209.5,Blue
917.53,3205.5,Blue
917.97,3199,Blue
918.4,3200.5,Blue
918.83,3211.5,Blue
919.27,3190.5,Blue
919.7,3211.5,Blue
920.14,3193.5,Blue
920.57,3210,Blue
921.01,3223,Blue
921.44,3199,Blue
921.87,3197,Blue
922.31,3190.5,Blue
922.74,3218.5,Blue
923.18,3202.5,Blue
923.61,3199,Blue
924.04,3199.5,Blue
924.48,3198,Blue
924.91,3216,Blue
925.35,3194,Blue
925.78,3220.5,Blue
926.21,3194.5,Blue
926.65,3211.5,Blue
927.08,3204,Blue
927.52,3215.5,Blue
927.95,3212.5,Blue
928.38,3204,Blue
928.82,3199.5,Blue
929.25,3204,Blue
929.69,3246,Blue
930.12,3217.5,Blue
930.55,3194,Blue
930.99,3202,Blue
931.42,3210,Blue
931.85,3231,Blue
932.29,3198.5,Blue
932.72,3212.5,Blue
933.15,3195,Blue
933.59,3204.5,Blue
934.02,3207,Blue
934.45,3189.5,Blue
934.89,3195,Blue
935.32,3209.5,Blue
935.75,3207.5,Blue
936.19,3205,Blue
936.62,3209.5,Blue
937.05,3200,Blue
937.49,3191.5,Blue
937.92,3209.5,Blue
938.35,3206.5,Blue
938.79,3206.5,Blue
939.22,3179.5,Blue
939.65,3206.5,Blue
940.09,3198.5,Blue
940.52,3216.5,Blue
940.95,3197,Blue
941.39,3205.5,Blue
941.82,3194.5,Blue
942.25,3196,Blue
942.68,3201,Blue
943.12,3206,Blue
943.55,3195,Blue
943.98,3212,Blue
944.42,3207,Blue
944.85,3228,Blue
945.28,3205.5,Blue
945.71,3222.5,Blue
946.15,3201.5,Blue
946.58,3195.5,Blue
947.01,3197,Blue
947.44,3198,Blue
947.88,3194,Blue
948.31,3198.5,Blue
948.74,3199,Blue
949.18,3211.5,Blue
949.61,3209,Blue
950.04,3223,Blue
950.47,3184,Blue
950.9,3205.5,Blue
951.34,3199,Blue
951.77,3216,Blue
952.2,3195.5,Blue
952.63,3204,Blue
953.07,3187,Blue
953.5,3216.5,Blue
953.93,3203,Blue
954.36,3195,Blue
954.8,3224.5,Blue
955.23,3194,Blue
955.66,3206,Blue
956.09,3202,Blue
956.52,3196,Blue
956.96,3209.5,Blue
957.39,3200.5,Blue
957.82,3221,Blue
958.25,3217,Blue
958.68,3200,Blue
959.12,3216.5,Blue
959.55,3206,Blue
959.98,3206.5,Blue
960.41,3206,Blue
960.84,3207.5,Blue
961.27,3202,Blue
961.71,3193,Blue
962.14,3234.5,Blue
962.57,3207,Blue
963,3192.5,Blue
963.43,3194,Blue
963.86,3198,Blue
964.3,3202,Blue
964.73,3203.5,Blue
965.16,3214,Blue
965.59,3194.5,Blue
966.02,3193,Blue
966.45,3197,Blue
966.89,3211.5,Blue
967.32,3204,Blue
967.75,3214.5,Blue
968.18,3206,Blue
968.61,3195.5,Blue
969.04,3193,Blue
969.47,3213.5,Blue
969.9,3228,Blue
970.34,3193,Blue
970.77,3204.5,Blue
971.2,3215,Blue
971.63,3209.5,Blue
972.06,3193.5,Blue
972.49,3206.5,Blue
972.92,3202,Blue
973.35,3202.5,Blue
973.78,3187,Blue
974.22,3196,Blue
974.65,3208.5,Blue
975.08,3193,Blue
975.51,3210.5,Blue
975.94,3195,Blue
976.37,3208,Blue
976.8,3204.5,Blue
977.23,3189.5,Blue
977.66,3212,Blue
978.09,3188.5,Blue
978.52,3194,Blue
978.95,3200,Blue
979.38,3219,Blue
979.82,3200,Blue
980.25,3202,Blue
980.68,3204.5,Blue
981.11,3213.5,Blue
981.54,3200.5,Blue
981.97,3189,Blue
982.4,3207,Blue
982.83,3184,Blue
983.26,3194,Blue
983.69,3194,Blue
984.12,3190,Blue
984.55,3200,Blue
984.98,3197,Blue
985.41,3202.5,Blue
985.84,3201.5,Blue
986.27,3188,Blue
986.7,3194.5,Blue
987.13,3196,Blue
987.56,3207.5,Blue
987.99,3206.5,Blue
988.42,3193,Blue
988.85,3212.5,Blue
989.28,3208.5,Blue
989.71,3191,Blue
990.14,3211,Blue
990.57,3224,Blue
991,3198,Blue
991.43,3188,Blue
991.86,3217.5,Blue
992.29,3201.5,Blue
992.72,3207,Blue
993.15,3194,Blue
993.58,3203,Blue
994.01,3188,Blue
994.44,3196,Blue
994.87,3217,Blue
995.3,3215,Blue
995.73,3213,Blue
996.16,3198.5,Blue
996.59,3189.5,Blue
997.02,3201,Blue
997.45,3217,Blue
997.88,3199,Blue
998.31,3194,Blue
998.74,3207.5,Blue
999.17,3214,Blue
999.59,3201.5,Blue
1000.02,3186.5,Blue
1000.45,3197,Blue
1000.88,3200,Blue
1001.31,3193,Blue
1001.74,3202,Blue
1002.17,3204.5,Blue
1002.6,3226.5,Blue
1003.03,3205.5,Blue
1003.46,3196,Blue
1003.89,3206.5,Blue
1004.32,3204,Blue
1004.75,3226,Blue
1005.17,3363.5,Blue
1005.6,3207,Blue
1006.03,3199.5,Blue
1006.46,3200.5,Blue
1006.89,3198,Blue
1007.32,3211.5,Blue
1007.75,3201,Blue
1008.18,3196,Blue
1008.61,3192,Blue
1009.03,3225,Blue
1009.46,3231,Blue
1009.89,3198.5,Blue
1010.32,3202.5,Blue
1010.75,3208.5,Blue
1011.18,3197,Blue
1011.61,3194.5,Blue
1012.04,3214.5,Blue
1012.46,3200.5,Blue
1012.89,3187,Blue
1013.32,3191,Blue
1013.75,3206,Blue
1014.18,3199,Blue
1014.61,3198,Blue
1015.03,3218,Blue
1015.46,3207,Blue
1015.89,3183.5,Blue
1016.32,3194,Blue
1016.75,3187.5,Blue
1017.18,3190.5,Blue
1017.6,3196,Blue
1018.03,3197,Blue
1018.46,3194,Blue
1018.89,3193,Blue
1019.32,3196,Blue
1019.75,3193,Blue
1020.17,3203,Blue
1020.6,3192,Blue
1021.03,3203.5,Blue
1021.46,3199,Blue
1021.89,3210,Blue
1022.31,3220,Blue
1022.74,3199.5,Blue
1023.17,3621,Blue
1023.6,3216.5,Blue
1024.03,3199,Blue
1024.45,3199.5,Blue
1024.88,3197.5,Blue
1025.31,3196,Blue
1025.74,3204,Blue
1026.16,3195,Blue
1026.59,3200,Blue
1027.02,3197,Blue
1027.45,3190.5,Blue
1027.88,3196.5,Blue
1028.3,3191,Blue
1028.73,3237,Blue
1029.16,3191.5,Blue
1029.59,3210.5,Blue
1030.01,3205,Blue
1030.44,3195,Blue
1030.87,3208.5,Blue
1031.3,3194.5,Blue
1031.72,3221.5,Blue
1032.15,3196,Blue
1032.58,3205,Blue
1033.01,3219,Blue
1033.43,3206,Blue
1033.86,3195,Blue
1034.29,3207,Blue
1034.71,3203.5,Blue
1035.14,3205.5,Blue
1035.57,3200.5,Blue
1036,3221,Blue
1036.42,3200.5,Blue
1036.85,3197,Blue
1037.28,3200.5,Blue
1037.7,3193.5,Blue
1038.13,3207.5,Blue
1038.56,3200.5,Blue
1038.98,3202.5,Blue
1039.41,3208.5,Blue
1039.84,3215.5,Blue
1040.27,3235.5,Blue
1040.69,3215.5,Blue
1041.12,3186.5,Blue
1041.55,3189,Blue
1041.97,3194,Blue
1042.4,3197,Blue
1042.83,3211.5,Blue
1043.25,3189.5,Blue
1043.68,3211,Blue
1044.11,3200,Blue
1044.53,3202.5,Blue
1044.96,3204.5,Blue
1045.39,3213,Blue
1045.81,3225,Blue
1046.24,3208,Blue
1046.67,3191.5,Blue
1047.09,3204.5,Blue
1047.52,3214,Blue
1047.94,3200,Blue
1048.37,3195,Blue
1048.8,3192,Blue
1049.22,3206,Blue
1049.65,3196.5,Blue
1050.08,3195.5,Blue
1050.5,3207.5,Blue
1050.93,3204.5,Blue
1051.36,3184,Blue
1051.78,3204.5,Blue
1052.21,3191.5,Blue
1052.63,3190.5,Blue
1053.06,3194.5,Blue
1053.49,3198,Blue
1053.91,3207,Blue
1054.34,3187.5,Blue
1054.76,3201,Blue
1055.19,3216.5,Blue
1055.62,3211.5,Blue
1056.04,3193,Blue
1056.47,3208.5,Blue
1056.89,3192.5,Blue
1057.32,3203,Blue
1057.74,3195,Blue
1058.17,3213.5,Blue
1058.6,3202.5,Blue
1059.02,3204,Blue
1059.45,3209.5,Blue
1059.87,3205.5,Blue
1060.3,3216.5,Blue
1060.72,3205.5,Blue
1061.15,3202,Blue
1061.58,3185.5,Blue
1062,3193,Blue
1062.43,3205.5,Blue
1062.85,3213,Blue
1063.28,3214,Blue
1063.7,3214.5,Blue
1064.13,3202.5,Blue
1064.55,3200.5,Blue
1064.98,3207.5,Blue
1065.4,3195,Blue
1065.83,3190,Blue
1066.26,3188,Blue
1066.68,3183.5,Blue
1067.11,3194.5,Blue
1067.53,3212,Blue
1067.96,3201.5,Blue
1068.38,3195.5,Blue
1068.81,3230.5,Blue
1069.23,3195,Blue
1069.66,3189.5,Blue
1070.08,3188,Blue
1070.51,3203,Blue
1070.93,3201.5,Blue
1071.36,3191,Blue
1071.78,3213.5,Blue
1072.21,3215,Blue
1072.63,3201.5,Blue
1073.06,3190,Blue
1073.48,3194,Blue
1073.91,3200,Blue
1074.33,3193,Blue
1074.75,3217.5,Blue
1075.18,3196,Blue
1075.6,3188.5,Blue
1076.03,3195,Blue
1076.45,3176,Blue
1076.88,3197,Blue
1077.3,3180.5,Blue
1077.73,3182,Blue
1078.15,3196.5,Blue
1078.58,3200.5,Blue
1079,3188.5,Blue
1079.43,3207.5,Blue
1079.85,3192,Blue
1080.27,3196,Blue
1080.7,3210.5,Blue
1081.12,3194,Blue
1081.55,3187.5,Blue
1081.97,3211,Blue
1082.4,3197,Blue
1082.82,3218,Blue
1083.24,3213,Blue
1083.67,3208.5,Blue
1084.09,3214,Blue
1084.52,3192.5,Blue
1084.94,3209,Blue
1085.37,3197,Blue
1085.79,3197.5,Blue
1086.21,3216.5,Blue
1086.64,3198.5,Blue
1087.06,3206.5,Blue
1087.49,3201.5,Blue
1087.91,3198,Blue
1088.33,3186,Blue
1088.76,3208,Blue
1089.18,3210,Blue
1089.6,3205,Blue
1090.03,3202.5,Blue
1090.45,3198.5,Blue
1090.88,3196.5,Blue
1091.3,3209.5,Blue
1091.72,3202.5,Blue
1092.15,3209,Blue
1092.57,3201.5,Blue
1092.99,3205,Blue
1093.42,3192.5,Blue
1093.84,3201.5,Blue
1094.26,3201,Blue
1094.69,3200,Blue
1095.11,3196.5,Blue
1095.54,3213.5,Blue
1095.96,3194,Blue
1096.38,3202.5,Blue
1096.81,3199.5,Blue
1097.23,3193,Blue
1097.65,3200,Blue
1098.08,3184.5,Blue
1098.5,3200,Blue
1098.92,3186.5,Blue
1099.35,3213,Blue
1099.77,3212.5,Blue
1100.19,3199,Blue
1100.61,3201,Blue
1101.04,3199,Blue
1101.46,3199,Blue
1101.88,3204,Blue
1102.31,3208,Blue
1102.73,3186.5,Blue
1103.15,3197,Blue
1103.58,3188,Blue
1104,3192.5,Blue
1104.42,3190,Blue
1104.85,3200.5,Blue
1105.27,3196.5,Blue
1105.69,3216.5,Blue
1106.11,3212.5,Blue
1106.54,3201,Blue
1106.96,3218.5,Blue
1107.38,3225,Blue
1107.8,3199,Blue
1108.23,3190.5,Blue
1108.65,3194,Blue
1109.07,3212.5,Blue
1109.5,3205.5,Blue
1109.92,3221.5,Blue
1110.34,3200,Blue
1110.76,3214,Blue
1111.19,3199.5,Blue
1111.61,3200.5,Blue
1112.03,3188.5,Blue
1112.45,3188.5,Blue
1112.88,3202,Blue
1113.3,3214,Blue
1113.72,3207,Blue
1114.14,3234.5,Blue
1114.56,3211.5,Blue
1114.99,3193,Blue
1115.41,3188.5,Blue
1115.83,3192.5,Blue
1116.25,3207.5,Blue
1116.68,3201,Blue
1117.1,3185.5,Blue
1117.52,3200,Blue
1117.94,3207,Blue
1118.36,3200,Blue
1118.79,3182,Blue
1119.21,3183,Blue
1119.63,3183,Blue
1120.05,3183,Blue
1120.47,3183,Blue
1120.9,3183,Blue
1121.32,3183,Blue
1121.74,3183,Blue
1122.16,3183,Blue
1122.58,3183,Blue
1123,3183,Blue
1123.43,3183,Blue
1123.85,3183,Blue
1124.27,3183,Blue
1124.69,3183,Blue
1125.11,3183,Blue
1125.53,3183,Blue
1125.96,3183,Blue
1126.38,3183,Blue
1126.8,3183,Blue
1127.22,3183,Blue
1127.64,3183,Blue
197.75,3192.5,Yellow
198.23,3083.5,Yellow
198.71,3076.5,Yellow
199.19,3074.5,Yellow
199.67,3213.5,Yellow
200.15,3211.5,Yellow
200.63,3204.5,Yellow
201.11,3196,Yellow
201.59,3193.5,Yellow
202.07,3194,Yellow
202.55,3186.5,Yellow
203.03,3197,Yellow
203.51,3192,Yellow
203.99,3217.5,Yellow
204.47,3192.5,Yellow
204.95,3193,Yellow
205.42,3201,Yellow
205.9,3199.5,Yellow
206.38,3201,Yellow
206.86,3208.5,Yellow
207.34,3208,Yellow
207.82,3203,Yellow
208.3,3205,Yellow
208.78,3188,Yellow
209.26,3207.5,Yellow
209.74,3229.5,Yellow
210.22,3199.5,Yellow
210.7,3216.5,Yellow
211.18,3208.5,Yellow
211.65,3207,Yellow
212.13,3204,Yellow
212.61,3208.5,Yellow
213.09,3224,Yellow
213.57,3207,Yellow
214.05,3232,Yellow
214.53,3216.5,Yellow
215.01,3208,Yellow
215.49,3232.5,Yellow
215.96,3207,Yellow
216.44,3198.5,Yellow
216.92,3243.5,Yellow
217.4,3214,Yellow
217.88,3234.5,Yellow
218.36,3222.5,Yellow
218.84,3259.5,Yellow
219.32,3235.5,Yellow
219.79,3223.5,Yellow
220.27,3241.5,Yellow
220.75,3235,Yellow
221.23,3203,Yellow
221.71,3227,Yellow
222.19,3204,Yellow
222.66,3231.5,Yellow
223.14,3207.5,Yellow
223.62,3217.5,Yellow
224.1,3210.5,Yellow
224.58,3230,Yellow
225.06,3215,Yellow
225.53,3213.5,Yellow
226.01,3213,Yellow
226.49,3235.5,Yellow
226.97,3220,Yellow
227.45,3212,Yellow
227.92,3232.5,Yellow
228.4,3243,Yellow
228.88,3219.5,Yellow
229.36,3236,Yellow
229.84,3231,Yellow
230.31,3244,Yellow
230.79,3215,Yellow
231.27,3233,Yellow
231.75,3215.5,Yellow
232.22,3209.5,Yellow
232.7,3235.5,Yellow
233.18,3215,Yellow
233.66,3244,Yellow
234.14,3215,Yellow
234.61,3216,Yellow
235.09,3220,Yellow
235.57,3223,Yellow
236.05,3232,Yellow
236.52,3252.5,Yellow
237,3198,Yellow
237.48,3222.5,Yellow
237.96,3229.5,Yellow
238.43,3233,Yellow
238.91,3213,Yellow
239.39,3223.5,Yellow
239.86,3241.5,Yellow
240.34,3235,Yellow
240.82,3225,Yellow
241.3,3235.5,Yellow
241.77,3219,Yellow
242.25,3238.5,Yellow
242.73,3211,Yellow
243.2,3217.5,Yellow
243.68,3204,Yellow
244.16,3228,Yellow
244.64,3226.5,Yellow
245.11,3216,Yellow
245.59,3238.5,Yellow
246.07,3217.5,Yellow
246.54,3205,Yellow
247.02,3209,Yellow
247.5,3214,Yellow
247.97,3221.5,Yellow
248.45,3226.5,Yellow
248.93,3204,Yellow
249.4,3226.5,Yellow
249.88,3211,Yellow
250.36,3199,Yellow
250.83,3248,Yellow
251.31,3238.5,Yellow
251.79,3249,Yellow
252.26,3220.5,Yellow
252.74,3200.5,Yellow
253.21,3198.5,Yellow
253.69,3212,Yellow
254.17,3238,Yellow
254.64,3205.5,Yellow
255.12,3226,Yellow
255.6,3210,Yellow
256.07,3217,Yellow
256.55,3199.5,Yellow
257.02,3224,Yellow
257.5,3228.5,Yellow
257.98,3210,Yellow
258.45,3211,Yellow
258.93,3210,Yellow
259.41,3242,Yellow
259.88,3206.5,Yellow
260.36,3224,Yellow
260.83,3212.5,Yellow
261.31,3227.5,Yellow
261.78,3214,Yellow
262.26,3217.5,Yellow
262.74,3231,Yellow
263.21,3212.5,Yellow
263.69,3194.5,Yellow
264.16,3231,Yellow
264.64,3213.5,Yellow
265.11,3222,Yellow
265.59,3213,Yellow
266.07,3209,Yellow
266.54,3206,Yellow
267.02,3213,Yellow
267.49,3222,Yellow
267.97,3227.5,Yellow
268.44,3217.5,Yellow
268.92,3234.5,Yellow
269.39,3231.5,Yellow
269.87,3225,Yellow
270.34,3203.5,Yellow
270.82,3211,Yellow
271.3,3221.5,Yellow
271.77,3213.5,Yellow
272.25,3207,Yellow
272.72,3210,Yellow
273.2,3225,Yellow
273.67,3223.5,Yellow
274.15,3217.5,Yellow
274.62,3214.5,Yellow
275.1,3207,Yellow
275.57,3204,Yellow
276.05,3226,Yellow
276.52,3207.5,Yellow
277,3204,Yellow
277.47,3205,Yellow
277.95,3237,Yellow
278.42,3217,Yellow
278.89,3227,Yellow
279.37,3205.5,Yellow
279.84,3261.5,Yellow
280.32,3240,Yellow
280.79,3214.5,Yellow
281.27,3229.5,Yellow
281.74,3218.5,Yellow
282.22,3220.5,Yellow
282.69,3228.5,Yellow
283.17,3195,Yellow
283.64,3222.5,Yellow
284.12,3211.5,Yellow
284.59,3215.5,Yellow
285.06,3235.5,Yellow
285.54,3227,Yellow
286.01,3227.5,Yellow
286.49,3216.5,Yellow
286.96,3202,Yellow
287.44,3223,Yellow
287.91,3216.5,Yellow
288.38,3216.5,Yellow
288.86,3226.5,Yellow
289.33,3217.5,Yellow
289.81,3233,Yellow
290.28,3202.5,Yellow
290.75,3231.5,Yellow
291.23,3208.5,Yellow
291.7,3233.5,Yellow
292.18,3231,Yellow
292.65,3217.5,Yellow
293.12,3213.5,Yellow
293.6,3244,Yellow
294.07,3225.5,Yellow
294.54,3233,Yellow
295.02,3230.5,Yellow
295.49,3221,Yellow
295.97,3229.5,Yellow
296.44,3209.5,Yellow
296.91,3214,Yellow
297.39,3229.5,Yellow
297.86,3231.5,Yellow
298.33,3207.5,Yellow
298.81,3226,Yellow
299.28,3226.5,Yellow
299.75,3225,Yellow
300.23,3233,Yellow
300.7,3244.5,Yellow
301.17,3303,Yellow
301.65,3213,Yellow
302.12,3228.5,Yellow
302.59,3228,Yellow
303.07,3208.5,Yellow
303.54,3211.5,Yellow
304.01,3200.5,Yellow
304.49,3211,Yellow
304.96,3236,Yellow
305.43,3205.5,Yellow
305.91,3204.5,Yellow
306.38,3210,Yellow
306.85,3212.5,Yellow
307.32,3219,Yellow
307.8,3220,Yellow
308.27,3222.5,Yellow
308.74,3240.5,Yellow
309.22,3206.5,Yellow
309.69,3214,Yellow
310.16,3222,Yellow
310.63,3205,Yellow
311.11,3229,Yellow
311.58,3227,Yellow
312.05,3204.5,Yellow
312.53,3213.5,Yellow
313,3204,Yellow
313.47,3204,Yellow
313.94,3217.5,Yellow
314.42,3208.5,Yellow
314.89,3224.5,Yellow
315.36,3255.5,Yellow
315.83,3219.5,Yellow
316.3,3236.5,Yellow
316.78,3212,Yellow
317.25,3223,Yellow
317.72,3221.5,Yellow
318.19,3218,Yellow
318.67,3234,Yellow
319.14,3215,Yellow
319.61,3208,Yellow
320.08,3216.5,Yellow
320.55,3255,Yellow
321.03,3214,Yellow
321.5,3196,Yellow
321.97,3206.5,Yellow
322.44,3237,Yellow
322.91,3231,Yellow
323.39,3228,Yellow
323.86,3223,Yellow
324.33,3220.5,Yellow
324.8,3211.5,Yellow
325.27,3205.5,Yellow
325.75,3226,Yellow
326.22,3222.5,Yellow
326.69,3231.5,Yellow
327.16,3231,Yellow
327.63,3215.5,Yellow
328.1,3215.5,Yellow
328.58,3240.5,Yellow
329.05,3232.5,Yellow
329.52,3225.5,Yellow
329.99,3228.5,Yellow
330.46,3229.5,Yellow
330.93,3215.5,Yellow
331.4,3211.5,Yellow
331.88,3230,Yellow
332.35,3219,Yellow
332.82,3219.5,Yellow
333.29,3206.5,Yellow
333.76,3226,Yellow
334.23,3235.5,Yellow
334.7,3233,Yellow
335.17,3230,Yellow
335.65,3209,Yellow
336.12,3231,Yellow
336.59,3228.5,Yellow
337.06,3217.5,Yellow
337.53,3208.5,Yellow
338,3211.5,Yellow
338.47,3239,Yellow
338.94,3232,Yellow
339.41,3224.5,Yellow
339.88,3222,Yellow
340.36,3216,Yellow
340.83,3213.5,Yellow
341.3,3226,Yellow
341.77,3211.5,Yellow
342.24,3206,Yellow
342.71,3205,Yellow
343.18,3204.5,Yellow
343.65,3201,Yellow
344.12,3228,Yellow
344.59,3196.5,Yellow
345.06,3216.5,Yellow
345.53,3207,Yellow
346,3223.5,Yellow
346.47,3214,Yellow
346.94,3226.5,Yellow
347.41,3229.5,Yellow
347.89,3243,Yellow
348.36,3210.5,Yellow
348.83,3232.5,Yellow
349.3,3215.5,Yellow
349.77,3227.5,Yellow
350.24,3193,Yellow
350.71,3218,Yellow
351.18,3216,Yellow
351.65,3208.5,Yellow
352.12,3209.5,Yellow
352.59,3222,Yellow
353.06,3218,Yellow
353.53,3194.5,Yellow
354,3221,Yellow
354.47,3227.5,Yellow
354.94,3210.5,Yellow
355.41,3229.5,Yellow
355.88,3211,Yellow
356.35,3236,Yellow
356.82,3222,Yellow
357.29,3214,Yellow
357.76,3209.5,Yellow
358.23,3238,Yellow
358.7,3200.5,Yellow
359.16,3215,Yellow
359.63,3217.5,Yellow
360.1,3227,Yellow
360.57,3213,Yellow
361.04,3230,Yellow
361.51,3225,Yellow
361.98,3219.5,Yellow
362.45,3216.5,Yellow
362.92,3231.5,Yellow
363.39,3218.5,Yellow
363.86,3212,Yellow
364.33,3214.5,Yellow
364.8,3219.5,Yellow
365.27,3216.5,Yellow
365.74,3216,Yellow
366.21,3227.5,Yellow
366.67,3201.5,Yellow
367.14,3234.5,Yellow
367.61,3225,Yellow
368.08,3219.5,Yellow
368.55,3238,Yellow
369.02,3234,Yellow
369.49,3200.5,Yellow
369.96,3231.5,Yellow
370.43,3218.5,Yellow
370.9,3209.5,Yellow
371.36,3207,Yellow
371.83,3216,Yellow
372.3,3214,Yellow
372.77,3268.5,Yellow
373.24,3209.5,Yellow
373.71,3207.5,Yellow
374.18,3208.5,Yellow
374.65,3230,Yellow
375.11,3205,Yellow
375.58,3222.5,Yellow
376.05,3227.5,Yellow
376.52,3226.5,Yellow
376.99,3200.5,Yellow
377.46,3219,Yellow
377.93,3217.5,Yellow
378.39,3209,Yellow
378.86,3222,Yellow
379.33,3207.5,Yellow
379.8,3217.5,Yellow
380.27,3224,Yellow
380.74,3222.5,Yellow
381.2,3245,Yellow
381.67,3229.5,Yellow
382.14,3219,Yellow
382.61,3205,Yellow
383.08,3220.5,Yellow
383.54,3260.5,Yellow
384.01,3207.5,Yellow
384.48,3206,Yellow
384.95,3219,Yellow
385.42,3205,Yellow
385.88,3221.5,Yellow
386.35,3219.5,Yellow
386.82,3210,Yellow
387.29,3212.5,Yellow
387.76,3217.5,Yellow
388.22,3223,Yellow
388.69,3205.5,Yellow
389.16,3218.5,Yellow
389.63,3213.5,Yellow
390.1,3244,Yellow
390.56,3226.5,Yellow
391.03,3246,Yellow
391.5,3210,Yellow
391.97,3230.5,Yellow
392.43,3218,Yellow
392.9,3234.5,Yellow
393.37,3218,Yellow
393.84,3203,Yellow
394.3,3193.5,Yellow
394.77,3220.5,Yellow
395.24,3235,Yellow
395.7,3224,Yellow
396.17,3213,Yellow
396.64,3224.5,Yellow
397.11,3213,Yellow
397.57,3225,Yellow
398.04,3220.5,Yellow
398.51,3218.5,Yellow
398.98,3206,Yellow
399.44,3212,Yellow
399.91,3216,Yellow
400.38,3211,Yellow
400.84,3213,Yellow
401.31,3228.5,Yellow
401.78,3235.5,Yellow
402.24,3218,Yellow
402.71,3265.5,Yellow
403.18,3217,Yellow
403.64,3221,Yellow
404.11,3226.5,Yellow
404.58,3208,Yellow
405.05,3237,Yellow
405.51,3231.5,Yellow
405.98,3226,Yellow
406.45,3214,Yellow
406.91,3230,Yellow
407.38,3206,Yellow
407.84,3239.5,Yellow
408.31,3218,Yellow
408.78,3226,Yellow
409.24,3233.5,Yellow
409.71,3219,Yellow
410.18,3223.5,Yellow
410.64,3225.5,Yellow
411.11,3251,Yellow
411.58,3227,Yellow
412.04,3220.5,Yellow
412.51,3223.5,Yellow
412.97,3228.5,Yellow
413.44,3211.5,Yellow
413.91,3219.5,Yellow
414.37,3210.5,Yellow
414.84,3233,Yellow
415.31,3220,Yellow
415.77,3222,Yellow
416.24,3220.5,Yellow
416.7,3227.5,Yellow
417.17,3233.5,Yellow
417.64,3223.5,Yellow
418.1,3197.5,Yellow
418.57,3232,Yellow
419.03,3209.5,Yellow
419.5,3221,Yellow
419.96,3208,Yellow
420.43,3225,Yellow
420.9,3221.5,Yellow
421.36,3216.5,Yellow
421.83,3224,Yellow
422.29,3228.5,Yellow
422.76,3230.5,Yellow
423.22,3216,Yellow
423.69,3231.5,Yellow
424.16,3201,Yellow
424.62,3235,Yellow
425.09,3219.5,Yellow
425.55,3212,Yellow
426.02,3227,Yellow
426.48,3232,Yellow
426.95,3235,Yellow
427.41,3228,Yellow
427.88,3222.5,Yellow
428.34,3208.5,Yellow
428.81,3217,Yellow
429.27,3219,Yellow
429.74,3225.5,Yellow
430.2,3197.5,Yellow
430.67,3230,Yellow
431.13,3219,Yellow
431.6,3220,Yellow
432.06,3202,Yellow
432.53,3225.5,Yellow
432.99,3207,Yellow
433.46,3211.5,Yellow
433.92,3238.5,Yellow
434.39,3210.5,Yellow
434.85,3221.5,Yellow
435.32,3219.5,Yellow
435.78,3229,Yellow
436.25,3225.5,Yellow
436.71,3213,Yellow
437.18,3220.5,Yellow
437.64,3226,Yellow
438.11,3227.5,Yellow
438.57,3221.5,Yellow
439.04,3220.5,Yellow
439.5,3254.5,Yellow
439.97,3218,Yellow
440.43,3243.5,Yellow
440.89,3215,Yellow
441.36,3230,Yellow
441.82,3216.5,Yellow
442.29,3223.5,Yellow
442.75,3221,Yellow
443.22,3212.5,Yellow
443.68,3202.5,Yellow
444.14,3220,Yellow
444.61,3235.5,Yellow
445.07,3209,Yellow
445.54,3222,Yellow
446,3228,Yellow
446.47,3217.5,Yellow
446.93,3219,Yellow
447.39,3226.5,Yellow
447.86,3230,Yellow
448.32,3238.5,Yellow
448.79,3244.5,Yellow
449.25,3216,Yellow
449.71,3249,Yellow
450.18,3209.5,Yellow
450.64,3222.5,Yellow
451.1,3223,Yellow
451.57,3225,Yellow
452.03,3207,Yellow
452.5,3240,Yellow
452.96,3214.5,Yellow
453.42,3209.5,Yellow
453.89,3213,Yellow
454.35,3229,Yellow
454.81,3218,Yellow
455.28,3227.5,Yellow
455.74,3354.5,Yellow
456.2,3240.5,Yellow
456.67,3233,Yellow
457.13,3208,Yellow
457.59,3212,Yellow
458.06,3210.5,Yellow
458.52,3223.5,Yellow
458.98,3209.5,Yellow
459.45,3237,Yellow
459.91,3225.5,Yellow
460.37,3210.5,Yellow
460.84,3231.5,Yellow
461.3,3236.5,Yellow
461.76,3225,Yellow
462.23,3216,Yellow
462.69,3213.5,Yellow
463.15,3223.5,Yellow
463.62,3219.5,Yellow
464.08,3216.5,Yellow
464.54,3226.5,Yellow
465,3224,Yellow
465.47,3223,Yellow
465.93,3201.5,Yellow
466.39,3223,Yellow
466.86,3211.5,Yellow
467.32,3237.5,Yellow
467.78,3213.5,Yellow
468.24,3231.5,Yellow
468.71,3231.5,Yellow
469.17,3232.5,Yellow
469.63,3219.5,Yellow
470.09,3224.5,Yellow
470.56,3224.5,Yellow
471.02,3227.5,Yellow
471.48,3223,Yellow
471.94,3222,Yellow
472.41,3224.5,Yellow
472.87,3219.5,Yellow
473.33,3222.5,Yellow
473.79,3218.5,Yellow
474.26,3230,Yellow
474.72,3228.5,Yellow
475.18,3214,Yellow
475.64,3221,Yellow
476.11,3224,Yellow
476.57,3233,Yellow
477.03,3220.5,Yellow
477.49,3240,Yellow
477.95,3223,Yellow
478.42,3203,Yellow
478.88,3227.5,Yellow
479.34,3228,Yellow
479.8,3217,Yellow
480.26,3230.5,Yellow
480.73,3219,Yellow
481.19,3229,Yellow
481.65,3226.5,Yellow
482.11,3243.5,Yellow
482.57,3228.5,Yellow
483.04,3220,Yellow
483.5,3239,Yellow
483.96,3211,Yellow
484.42,3219,Yellow
484.88,3216.5,Yellow
485.34,3213.5,Yellow
485.81,3241.5,Yellow
486.27,3226.5,Yellow
486.73,3228,Yellow
487.19,3212,Yellow
487.65,3252,Yellow
488.11,3230,Yellow
488.57,3208,Yellow
489.04,3220,Yellow
489.5,3209.5,Yellow
489.96,3227,Yellow
490.42,3221,Yellow
490.88,3224.5,Yellow
491.34,3209.5,Yellow
491.8,3224,Yellow
492.27,3225,Yellow
492.73,3207.5,Yellow
493.19,3215.5,Yellow
493.65,3230.5,Yellow
494.11,3228.5,Yellow
494.57,3229.5,Yellow
495.03,3227.5,Yellow
495.49,3215.5,Yellow
495.95,3229,Yellow
496.41,3216.5,Yellow
496.88,3228.5,Yellow
497.34,3223,Yellow
497.8,3256.5,Yellow
498.26,3229,Yellow
498.72,3211.5,Yellow
499.18,3230,Yellow
499.64,3240,Yellow
500.1,3220,Yellow
500.56,3225.5,Yellow
501.02,3224.5,Yellow
501.48,3237.5,Yellow
501.94,3248.5,Yellow
502.4,3228,Yellow
502.86,3227,Yellow
503.32,3241.5,Yellow
503.79,3247.5,Yellow
504.25,3244.5,Yellow
504.71,3223,Yellow
505.17,3233,Yellow
505.63,3231,Yellow
506.09,3215.5,Yellow
506.55,3218.5,Yellow
507.01,3235,Yellow
507.47,3221.5,Yellow
507.93,3216.5,Yellow
508.39,3233,Yellow
508.85,3241.5,Yellow
509.31,3233,Yellow
509.77,3229.5,Yellow
510.23,3252.5,Yellow
510.69,3237.5,Yellow
511.15,3251,Yellow
511.61,3244.5,Yellow
512.07,3246.5,Yellow
512.53,3234,Yellow
512.99,3222.5,Yellow
513.45,3217.5,Yellow
513.91,3228,Yellow
514.37,3244,Yellow
514.83,3255,Yellow
515.29,3224.5,Yellow
515.75,3248,Yellow
516.21,3244,Yellow
516.67,3248.5,Yellow
517.13,3250.5,Yellow
517.59,3242.5,Yellow
518.05,3237.5,Yellow
518.5,3242.5,Yellow
518.96,3260,Yellow
519.42,3258,Yellow
519.88,3255.5,Yellow
520.34,3238.5,Yellow
520.8,3265.5,Yellow
521.26,3237,Yellow
521.72,3264.5,Yellow
522.18,3246.5,Yellow
522.64,3253,Yellow
523.1,3251,Yellow
523.56,3261.5,Yellow
524.02,3258,Yellow
524.48,3264.5,Yellow
524.94,3235.5,Yellow
525.39,3258,Yellow
525.85,3246.5,Yellow
526.31,3276,Yellow
526.77,3255,Yellow
527.23,3267.5,Yellow
527.69,3261.5,Yellow
528.15,3249,Yellow
528.61,3278.5,Yellow
529.07,3266.5,Yellow
529.52,3276.5,Yellow
529.98,3268.5,Yellow
530.44,3285.5,Yellow
530.9,3277,Yellow
531.36,3281.5,Yellow
531.82,3291.5,Yellow
532.28,3308.5,Yellow
532.74,3279,Yellow
533.19,3330,Yellow
533.65,3293,Yellow
534.11,3306.5,Yellow
534.57,3337.5,Yellow
535.03,3319,Yellow
535.49,3335.5,Yellow
535.95,3329,Yellow
536.4,3339.5,Yellow
536.86,3352,Yellow
537.32,3358,Yellow
537.78,3352,Yellow
538.24,3343.5,Yellow
538.7,3377,Yellow
539.15,3361,Yellow
539.61,3374.5,Yellow
540.07,3391,Yellow
540.53,3412.5,Yellow
540.99,3418,Yellow
541.44,3430.5,Yellow
541.9,3425,Yellow
542.36,3456.5,Yellow
542.82,3473,Yellow
543.28,3478.5,Yellow
543.73,3497.5,Yellow
544.19,3503,Yellow
544.65,3508.5,Yellow
545.11,3550.5,Yellow
545.57,3566.5,Yellow
546.02,3585,Yellow
546.48,3589,Yellow
546.94,3619.5,Yellow
547.4,3639,Yellow
547.85,3697,Yellow
548.31,3685,Yellow
548.77,3744,Yellow
549.23,3718.5,Yellow
549.68,3772.5,Yellow
550.14,3797,Yellow
550.6,3821,Yellow
551.06,3881.5,Yellow
551.51,3945,Yellow
551.97,3961,Yellow
552.43,3994.5,Yellow
552.89,4037.5,Yellow
553.34,4098,Yellow
553.8,4107.5,Yellow
554.26,4169,Yellow
554.72,4227,Yellow
555.17,4327,Yellow
555.63,4376,Yellow
556.09,4451.5,Yellow
556.54,4500.5,Yellow
557,4585,Yellow
557.46,4663.5,Yellow
557.92,4715,Yellow
558.37,4845.5,Yellow
558.83,4936.5,Yellow
559.29,5032,Yellow
559.74,5140.5,Yellow
560.2,5217,Yellow
560.66,5322,Yellow
561.11,5459,Yellow
561.57,5534,Yellow
562.03,5753,Yellow
562.48,5922,Yellow
562.94,6079.5,Yellow
563.4,6207.5,Yellow
563.85,6375,Yellow
564.31,6619.5,Yellow
564.77,6823,Yellow
565.22,6963,Yellow
565.68,7206,Yellow
566.14,7427,Yellow
566.59,7711,Yellow
567.05,8008.5,Yellow
567.51,8239,Yellow
567.96,8637.5,Yellow
568.42,8916.5,Yellow
568.88,9232,Yellow
569.33,9615,Yellow
569.79,9846,Yellow
570.24,10215.5,Yellow
570.7,10524.5,Yellow
571.16,10796.5,Yellow
571.61,11135.5,Yellow
572.07,11410,Yellow
572.53,11983,Yellow
572.98,12619,Yellow
573.44,13248.5,Yellow
573.89,13945.5,Yellow
574.35,14501.5,Yellow
574.81,15146,Yellow
575.26,15795.5,Yellow
575.72,16548.5,Yellow
576.17,17345,Yellow
576.63,18190.5,Yellow
577.09,19176,Yellow
577.54,20156.5,Yellow
578,21062,Yellow
578.45,21927,Yellow
578.91,22924.5,Yellow
579.36,23773.5,Yellow
579.82,24711,Yellow
580.28,25770.5,Yellow
580.73,26979,Yellow
581.19,28269,Yellow
581.64,29845.5,Yellow
582.1,31368.5,Yellow
582.55,33058,Yellow
583.01,34722.5,Yellow
583.46,36209.5,Yellow
583.92,37640,Yellow
584.37,38895,Yellow
584.83,40261,Yellow
585.29,41581,Yellow
585.74,43295,Yellow
586.2,44638,Yellow
586.65,46472.5,Yellow
587.11,48203,Yellow
587.56,50226,Yellow
588.02,52180.5,Yellow
588.47,54012.5,Yellow
588.93,55174,Yellow
589.38,55845,Yellow
589.84,56083.5,Yellow
590.29,55907,Yellow
590.75,56042,Yellow
591.2,55908.5,Yellow
591.66,55540,Yellow
592.11,55273,Yellow
592.57,54704,Yellow
593.02,54047.5,Yellow
593.48,53133,Yellow
593.93,51687,Yellow
594.39,49855.5,Yellow
594.84,47512.5,Yellow
595.29,44868,Yellow
595.75,41865.5,Yellow
596.2,39499,Yellow
596.66,37367.5,Yellow
597.11,35137,Yellow
597.57,33446.5,Yellow
598.02,32071,Yellow
598.48,30562,Yellow
598.93,29233,Yellow
599.39,27833,Yellow
599.84,26440.5,Yellow
600.29,24732,Yellow
600.75,23231.5,Yellow
601.2,21810,Yellow
601.66,20681,Yellow
602.11,19614.5,Yellow
602.57,18550.5,Yellow
603.02,17568,Yellow
603.47,16655,Yellow
603.93,15844,Yellow
604.38,15047.5,Yellow
604.84,14247,Yellow
605.29,13540.5,Yellow
605.74,12708,Yellow
606.2,12026.5,Yellow
606.65,11381,Yellow
607.11,10757,Yellow
607.56,10182.5,Yellow
608.01,9710.5,Yellow
608.47,9240,Yellow
608.92,8826,Yellow
609.38,8438,Yellow
609.83,7963.5,Yellow
610.28,7633.5,Yellow
610.74,7341.5,Yellow
611.19,6995.5,Yellow
611.64,6743,Yellow
612.1,6497,Yellow
612.55,6281.5,Yellow
613,6059.5,Yellow
613.46,5813.5,Yellow
613.91,5699.5,Yellow
614.37,5531,Yellow
614.82,5376.5,Yellow
615.27,5231.5,Yellow
615.73,5100.5,Yellow
616.18,4973.5,Yellow
616.63,4835.5,Yellow
617.09,4753.5,Yellow
617.54,4660.5,Yellow
617.99,4575.5,Yellow
618.45,4472.5,Yellow
618.9,4412,Yellow
619.35,4341,Yellow
619.8,4280,Yellow
620.26,4214,Yellow
620.71,4160.5,Yellow
621.16,4102.5,Yellow
621.62,4048,Yellow
622.07,4006.5,Yellow
622.52,3968,Yellow
622.98,3885.5,Yellow
623.43,3882.5,Yellow
623.88,3851.5,Yellow
624.33,3836,Yellow
624.79,3799.5,Yellow
625.24,3742,Yellow
625.69,3736,Yellow
626.15,3695.5,Yellow
626.6,3669.5,Yellow
627.05,3665,Yellow
627.5,3602,Yellow
627.96,3598.5,Yellow
628.41,3572.5,Yellow
628.86,3567.5,Yellow
629.31,3573,Yellow
629.77,3556.5,Yellow
630.22,3526,Yellow
630.67,3530.5,Yellow
631.12,3508,Yellow
631.58,3512,Yellow
632.03,3506,Yellow
632.48,3457.5,Yellow
632.93,3486.5,Yellow
633.39,3454,Yellow
633.84,3460,Yellow
634.29,3424.5,Yellow
634.74,3462.5,Yellow
635.19,3431,Yellow
635.65,3416,Yellow
636.1,3420,Yellow
636.55,3422.5,Yellow
637,3435.5,Yellow
637.45,3446.5,Yellow
637.91,3397,Yellow
638.36,3388,Yellow
638.81,3397.5,Yellow
639.26,3382.5,Yellow
639.71,3378.5,Yellow
640.17,3376.5,Yellow
640.62,3398.5,Yellow
641.07,3362.5,Yellow
641.52,3380,Yellow
641.97,3349,Yellow
642.43,3354.5,Yellow
642.88,3381.5,Yellow
643.33,3393,Yellow
643.78,3392,Yellow
644.23,3384.5,Yellow
644.68,3372.5,Yellow
645.13,3381,Yellow
645.59,3364,Yellow
646.04,3381,Yellow
646.49,3351,Yellow
646.94,3363,Yellow
647.39,3369,Yellow
647.84,3358.5,Yellow
648.29,3356,Yellow
648.75,3351.5,Yellow
649.2,3328,Yellow
649.65,3318.5,Yellow
650.1,3349,Yellow
650.55,3344.5,Yellow
651,3327,Yellow
651.45,3318.5,Yellow
651.9,3324,Yellow
652.36,3327.5,Yellow
652.81,3304,Yellow
653.26,3292.5,Yellow
653.71,3306.5,Yellow
654.16,3325,Yellow
654.61,3300,Yellow
655.06,3303,Yellow
655.51,3306,Yellow
655.96,3283.5,Yellow
656.41,3301,Yellow
656.86,3289,Yellow
657.32,3286,Yellow
657.77,3295,Yellow
658.22,3256.5,Yellow
658.67,3270,Yellow
659.12,3256.5,Yellow
659.57,3268.5,Yellow
660.02,3247.5,Yellow
660.47,3262,Yellow
660.92,3277.5,Yellow
661.37,3259.5,Yellow
661.82,3278.5,Yellow
662.27,3234.5,Yellow
662.72,3260,Yellow
663.17,3253.5,Yellow
663.62,3252,Yellow
664.07,3260.5,Yellow
664.52,3266.5,Yellow
664.97,3269.5,Yellow
665.42,3247,Yellow
665.87,3274.5,Yellow
666.32,3254,Yellow
666.77,3267.5,Yellow
667.23,3265,Yellow
667.68,3254.5,Yellow
668.13,3257,Yellow
668.58,3246.5,Yellow
669.03,3248,Yellow
669.48,3255,Yellow
669.93,3252,Yellow
670.38,3237,Yellow
670.83,3260.5,Yellow
671.28,3237,Yellow
671.72,3242,Yellow
672.17,3241,Yellow
672.62,3243,Yellow
673.07,3247.5,Yellow
673.52,3254.5,Yellow
673.97,3229,Yellow
674.42,3253.5,Yellow
674.87,3238.5,Yellow
675.32,3244.5,Yellow
675.77,3234,Yellow
676.22,3234,Yellow
676.67,3249,Yellow
677.12,3236,Yellow
677.57,3240,Yellow
678.02,3237,Yellow
678.47,3246,Yellow
678.92,3223.5,Yellow
679.37,3249.5,Yellow
679.82,3253,Yellow
680.27,3226.5,Yellow
680.72,3224.5,Yellow
681.17,3228,Yellow
681.61,3233,Yellow
682.06,3222.5,Yellow
682.51,3268.5,Yellow
682.96,3239,Yellow
683.41,3234,Yellow
683.86,3245,Yellow
684.31,3241,Yellow
684.76,3257,Yellow
685.21,3248,Yellow
685.66,3216,Yellow
686.11,3259.5,Yellow
686.55,3231,Yellow
687,3233.5,Yellow
687.45,3239,Yellow
687.9,3222,Yellow
688.35,3252.5,Yellow
688.8,3237.5,Yellow
689.25,3232.5,Yellow
689.7,3235,Yellow
690.14,3226.5,Yellow
690.59,3232.5,Yellow
691.04,3221,Yellow
691.49,3227.5,Yellow
691.94,3227,Yellow
692.39,3241,Yellow
692.84,3243,Yellow
693.29,3208,Yellow
693.73,3221,Yellow
694.18,3227,Yellow
694.63,3225.5,Yellow
695.08,3228,Yellow
695.53,3217,Yellow
695.98,3224.5,Yellow
696.42,3236.5,Yellow
696.87,3238.5,Yellow
697.32,3251,Yellow
697.77,3240,Yellow
698.22,3233.5,Yellow
698.66,3237,Yellow
699.11,3234,Yellow
699.56,3220,Yellow
700.01,3221,Yellow
700.46,3244,Yellow
700.91,3229.5,Yellow
701.35,3225.5,Yellow
701.8,3222,Yellow
702.25,3222,Yellow
702.7,3227.5,Yellow
703.14,3222.5,Yellow
703.59,3220,Yellow
704.04,3222,Yellow
704.49,3205,Yellow
704.94,3222.5,Yellow
705.38,3227.5,Yellow
705.83,3216.5,Yellow
706.28,3220.5,Yellow
706.73,3226,Yellow
707.17,3256,Yellow
707.62,3230.5,Yellow
708.07,3220,Yellow
708.52,3229,Yellow
708.96,3239.5,Yellow
709.41,3233,Yellow
709.86,3229,Yellow
710.31,3231,Yellow
710.75,3219,Yellow
711.2,3213,Yellow
711.65,3236.5,Yellow
712.1,3235,Yellow
712.54,3232,Yellow
712.99,3221.5,Yellow
713.44,3232.5,Yellow
713.89,3216,Yellow
714.33,3225.5,Yellow
714.78,3247.5,Yellow
715.23,3211.5,Yellow
715.67,3215,Yellow
716.12,3210,Yellow
716.57,3226.5,Yellow
717.02,3236.5,Yellow
717.46,3232.5,Yellow
717.91,3226,Yellow
718.36,3210.5,Yellow
718.8,3221,Yellow
719.25,3218,Yellow
719.7,3227,Yellow
720.14,3237,Yellow
720.59,3228.5,Yellow
721.04,3206.5,Yellow
721.48,3225.5,Yellow
721.93,3217.5,Yellow
722.38,3261.5,Yellow
722.82,3230,Yellow
723.27,3237.5,Yellow
723.72,3226,Yellow
724.16,3238,Yellow
724.61,3239,Yellow
725.06,3244,Yellow
725.5,3240,Yellow
725.95,3210,Yellow
726.4,3216,Yellow
726.84,3224,Yellow
727.29,3215,Yellow
727.74,3207.5,Yellow
728.18,3240.5,Yellow
728.63,3214,Yellow
729.07,3236.5,Yellow
729.52,3248,Yellow
729.97,3229.5,Yellow
730.41,3217.5,Yellow
730.86,3206.5,Yellow
731.31,3218.5,Yellow
731.75,3212.5,Yellow
732.2,3213.5,Yellow
732.64,3201,Yellow
733.09,3227.5,Yellow
733.54,3223,Yellow
733.98,3222.5,Yellow
734.43,3207,Yellow
734.87,3223.5,Yellow
735.32,3212.5,Yellow
735.76,3224,Yellow
736.21,3217,Yellow
736.66,3206.5,Yellow
737.1,3217.5,Yellow
737.55,3202,Yellow
737.99,3227,Yellow
738.44,3241.5,Yellow
738.88,3250,Yellow
739.33,3220,Yellow
739.78,3221,Yellow
740.22,3199,Yellow
740.67,3204.5,Yellow
741.11,3222,Yellow
741.56,3204.5,Yellow
742,3222.5,Yellow
742.45,3237,Yellow
742.89,3210.5,Yellow
743.34,3223.5,Yellow
743.79,3225,Yellow
744.23,3231.5,Yellow
744.68,3220,Yellow
745.12,3226,Yellow
745.57,3212.5,Yellow
746.01,3217.5,Yellow
746.46,3213,Yellow
746.9,3210.5,Yellow
747.35,3227.5,Yellow
747.79,3214,Yellow
748.24,3197.5,Yellow
748.68,3217,Yellow
749.13,3209.5,Yellow
749.57,3209.5,Yellow
750.02,3225.5,Yellow
750.46,3214.5,Yellow
750.91,3229,Yellow
751.35,3201.5,Yellow
751.8,3212.5,Yellow
752.24,3205.5,Yellow
752.69,3241.5,Yellow
753.13,3209.5,Yellow
753.58,3211,Yellow
754.02,3228.5,Yellow
754.46,3222,Yellow
754.91,3206,Yellow
755.35,3216.5,Yellow
755.8,3237.5,Yellow
756.24,3203,Yellow
756.69,3218.5,Yellow
757.13,3209,Yellow
757.58,3253.5,Yellow
758.02,3201.5,Yellow
758.47,3199,Yellow
758.91,3236,Yellow
759.35,3202,Yellow
759.8,3242.5,Yellow
760.24,3209,Yellow
760.69,3222,Yellow
761.13,3212,Yellow
761.58,3206,Yellow
762.02,3208.5,Yellow
762.46,3224,Yellow
762.91,3229,Yellow
763.35,3218,Yellow
763.8,3212.5,Yellow
764.24,3210,Yellow
764.68,3214,Yellow
765.13,3206,Yellow
765.57,3218,Yellow
766.02,3224,Yellow
766.46,3235,Yellow
766.9,3197.5,Yellow
767.35,3203.5,Yellow
767.79,3223,Yellow
768.24,3200,Yellow
768.68,3218.5,Yellow
769.12,3210.5,Yellow
769.57,3230,Yellow
770.01,3214.5,Yellow
770.45,3228.5,Yellow
770.9,3212.5,Yellow
771.34,3217.5,Yellow
771.78,3223.5,Yellow
772.23,3208,Yellow
772.67,3209.5,Yellow
773.12,3222.5,Yellow
773.56,3216.5,Yellow
774,3227.5,Yellow
774.45,3196,Yellow
774.89,3210,Yellow
775.33,3221,Yellow
775.78,3222,Yellow
776.22,3219,Yellow
776.66,3209.5,Yellow
777.11,3205.5,Yellow
777.55,3211,Yellow
777.99,3218.5,Yellow
778.44,3215,Yellow
778.88,3201,Yellow
779.32,3202,Yellow
779.76,3213.5,Yellow
780.21,3202.5,Yellow
780.65,3193.5,Yellow
781.09,3197,Yellow
781.54,3220.5,Yellow
781.98,3210.5,Yellow
782.42,3221.5,Yellow
782.87,3219,Yellow
783.31,3224.5,Yellow
783.75,3223,Yellow
784.19,3233,Yellow
784.64,3214.5,Yellow
785.08,3220.5,Yellow
785.52,3250,Yellow
785.96,3214,Yellow
786.41,3233.5,Yellow
786.85,3207.5,Yellow
787.29,3224.5,Yellow
787.74,3215,Yellow
788.18,3227.5,Yellow
788.62,3215,Yellow
789.06,3208,Yellow
789.51,3237.5,Yellow
789.95,3188,Yellow
790.39,3256,Yellow
790.83,3218.5,Yellow
791.27,3208,Yellow
791.72,3233,Yellow
792.16,3207.5,Yellow
792.6,3208,Yellow
793.04,3213.5,Yellow
793.49,3211.5,Yellow
793.93,3216,Yellow
794.37,3227.5,Yellow
794.81,3210.5,Yellow
795.25,3227,Yellow
795.7,3199.5,Yellow
796.14,3201,Yellow
796.58,3218.5,Yellow
797.02,3203,Yellow
797.46,3228,Yellow
797.91,3250.5,Yellow
798.35,3210,Yellow
798.79,3222.5,Yellow
799.23,3223.5,Yellow
799.67,3212.5,Yellow
800.12,3224,Yellow
800.56,3214,Yellow
801,3239,Yellow
801.44,3209,Yellow
801.88,3226.5,Yellow
802.32,3224.5,Yellow
802.77,3212.5,Yellow
803.21,3227,Yellow
803.65,3197,Yellow
804.09,3228.5,Yellow
804.53,3220,Yellow
804.97,3229.5,Yellow
805.42,3217.5,Yellow
805.86,3206,Yellow
806.3,3211.5,Yellow
806.74,3228,Yellow
807.18,3210,Yellow
807.62,3213,Yellow
808.06,3228.5,Yellow
808.51,3228,Yellow
808.95,3219,Yellow
809.39,3233,Yellow
809.83,3186.5,Yellow
810.27,3237,Yellow
810.71,3231.5,Yellow
811.15,3207.5,Yellow
811.59,3214.5,Yellow
812.03,3217.5,Yellow
812.48,3206,Yellow
812.92,3219.5,Yellow
813.36,3230,Yellow
813.8,3227.5,Yellow
814.24,3187.5,Yellow
814.68,3198.5,Yellow
815.12,3236.5,Yellow
815.56,3202,Yellow
816,3219,Yellow
816.44,3205.5,Yellow
816.88,3214.5,Yellow
817.32,3210,Yellow
817.77,3225.5,Yellow
818.21,3230,Yellow
818.65,3211,Yellow
819.09,3205.5,Yellow
819.53,3222,Yellow
819.97,3208,Yellow
820.41,3221.5,Yellow
820.85,3204,Yellow
821.29,3236,Yellow
821.73,3220.5,Yellow
822.17,3204.5,Yellow
822.61,3206.5,Yellow
823.05,3248,Yellow
823.49,3213.5,Yellow
823.93,3206.5,Yellow
824.37,3202,Yellow
824.81,3213,Yellow
825.25,3215,Yellow
825.69,3207,Yellow
826.13,3253,Yellow
826.57,3242,Yellow
827.01,3211,Yellow
827.45,3200,Yellow
827.89,3213,Yellow
828.33,3240,Yellow
828.77,3191,Yellow
829.21,3211.5,Yellow
829.65,3205,Yellow
830.09,3217,Yellow
830.53,3219.5,Yellow
830.97,3216,Yellow
831.41,3232.5,Yellow
831.85,3215,Yellow
832.29,3217.5,Yellow
832.73,3221,Yellow
833.17,3206.5,Yellow
833.61,3213,Yellow
834.05,3211,Yellow
834.49,3216.5,Yellow
834.93,3201,Yellow
835.37,3221,Yellow
835.81,3215.5,Yellow
836.25,3219.5,Yellow
836.69,3212,Yellow
837.13,3224.5,Yellow
837.57,3215.5,Yellow
838.01,3228,Yellow
838.45,3243.5,Yellow
838.89,3236,Yellow
839.33,3236,Yellow
839.77,3206.5,Yellow
840.2,3214.5,Yellow
840.64,3213.5,Yellow
841.08,3207.5,Yellow
841.52,3226.5,Yellow
841.96,3219.5,Yellow
842.4,3229,Yellow
842.84,3231,Yellow
843.28,3236.5,Yellow
843.72,3232,Yellow
844.16,3210.5,Yellow
844.6,3228,Yellow
845.04,3216,Yellow
845.47,3197.5,Yellow
845.91,3226,Yellow
846.35,3225.5,Yellow
846.79,3201.5,Yellow
847.23,3199.5,Yellow
847.67,3235.5,Yellow
848.11,3227.5,Yellow
848.55,3216,Yellow
848.99,3234,Yellow
849.42,3229.5,Yellow
849.86,3216.5,Yellow
850.3,3227.5,Yellow
850.74,3230,Yellow
851.18,3223,Yellow
851.62,3225.5,Yellow
852.06,3214.5,Yellow
852.49,3231,Yellow
852.93,3246,Yellow
853.37,3212.5,Yellow
853.81,3214,Yellow
854.25,3222,Yellow
854.69,3212.5,Yellow
855.12,3223.5,Yellow
855.56,3229.5,Yellow
856,3222.5,Yellow
856.44,3225,Yellow
856.88,3245,Yellow
857.32,3219.5,Yellow
857.75,3235.5,Yellow
858.19,3232.5,Yellow
858.63,3238,Yellow
859.07,3227,Yellow
859.51,3224,Yellow
859.95,3226.5,Yellow
860.38,3223,Yellow
860.82,3225.5,Yellow
861.26,3227,Yellow
861.7,3235,Yellow
862.14,3225,Yellow
862.57,3231,Yellow
863.01,3244.5,Yellow
863.45,3234.5,Yellow
863.89,3232,Yellow
864.32,3238,Yellow
864.76,3230.5,Yellow
865.2,3251,Yellow
865.64,3234.5,Yellow
866.08,3250,Yellow
866.51,3229,Yellow
866.95,3228.5,Yellow
867.39,3248,Yellow
867.83,3232,Yellow
868.26,3228.5,Yellow
868.7,3248.5,Yellow
869.14,3218,Yellow
869.58,3235.5,Yellow
870.01,3221,Yellow
870.45,3238,Yellow
870.89,3228.5,Yellow
871.33,3225.5,Yellow
871.76,3225.5,Yellow
872.2,3231.5,Yellow
872.64,3226.5,Yellow
873.07,3226,Yellow
873.51,3241,Yellow
873.95,3240.5,Yellow
874.39,3258,Yellow
874.82,3240.5,Yellow
875.26,3240.5,Yellow
875.7,3229.5,Yellow
876.13,3259,Yellow
876.57,3229.5,Yellow
877.01,3265.5,Yellow
877.45,3242,Yellow
877.88,3239.5,Yellow
878.32,3223,Yellow
878.76,3249.5,Yellow
879.19,3211,Yellow
879.63,3236,Yellow
880.07,3233.5,Yellow
880.5,3215.5,Yellow
880.94,3226.5,Yellow
881.38,3239,Yellow
881.81,3242.5,Yellow
882.25,3246.5,Yellow
882.69,3242,Yellow
883.12,3243.5,Yellow
883.56,3235,Yellow
884,3234.5,Yellow
884.43,3227.5,Yellow
884.87,3234.5,Yellow
885.31,3222.5,Yellow
885.74,3222,Yellow
886.18,3217,Yellow
886.62,3231.5,Yellow
887.05,3225.5,Yellow
887.49,3237.5,Yellow
887.92,3223,Yellow
888.36,3243,Yellow
888.8,3220.5,Yellow
889.23,3227.5,Yellow
889.67,3218.5,Yellow
890.11,3238,Yellow
890.54,3214,Yellow
890.98,3225.5,Yellow
891.41,3240,Yellow
891.85,3250,Yellow
892.29,3217.5,Yellow
892.72,3248,Yellow
893.16,3213,Yellow
893.59,3221,Yellow
894.03,3214.5,Yellow
894.47,3210,Yellow
894.9,3227,Yellow
895.34,3216,Yellow
895.77,3225.5,Yellow
896.21,3247.5,Yellow
896.65,3224.5,Yellow
897.08,3217.5,Yellow
897.52,3244.5,Yellow
897.95,3227,Yellow
898.39,3222.5,Yellow
898.82,3218.5,Yellow
899.26,3239,Yellow
899.7,3230.5,Yellow
900.13,3211,Yellow
900.57,3238.5,Yellow
901,3202,Yellow
901.44,3213,Yellow
901.87,3233,Yellow
902.31,3214.5,Yellow
902.74,3227.5,Yellow
903.18,3213,Yellow
903.61,3216.5,Yellow
904.05,3227.5,Yellow
904.48,3207.5,Yellow
904.92,3209,Yellow
905.36,3220,Yellow
905.79,3211.5,Yellow
906.23,3217,Yellow
906.66,3228.5,Yellow
907.1,3250.5,Yellow
907.53,3218,Yellow
907.97,3225.5,Yellow
908.4,3193.5,Yellow
908.84,3205.5,Yellow
909.27,3212,Yellow
909.71,3214.5,Yellow
910.14,3202.5,Yellow
910.58,3216,Yellow
911.01,3218.5,Yellow
911.45,3223.5,Yellow
911.88,3226,Yellow
912.32,3216,Yellow
912.75,3210.5,Yellow
913.18,3238.5,Yellow
913.62,3220.5,Yellow
914.05,3231,Yellow
914.49,3222,Yellow
914.92,3222,Yellow
915.36,3227,Yellow
915.79,3216.5,Yellow
916.23,3222,Yellow
916.66,3221,Yellow
917.1,3230.5,Yellow
917.53,3207,Yellow
917.97,3198,Yellow
918.4,3208.5,Yellow
918.83,3219,Yellow
919.27,3221,Yellow
919.7,3205,Yellow
920.14,3216,Yellow
920.57,3211,Yellow
921.01,3233.5,Yellow
921.44,3213.5,Yellow
921.87,3216,Yellow
922.31,3206,Yellow
922.74,3225.5,Yellow
923.18,3198,Yellow
923.61,3231.5,Yellow
924.04,3201,Yellow
924.48,3216.5,Yellow
924.91,3213,Yellow
925.35,3208,Yellow
925.78,3214,Yellow
926.21,3205.5,Yellow
926.65,3225.5,Yellow
927.08,3196.5,Yellow
927.52,3231.5,Yellow
927.95,3216,Yellow
928.38,3217.5,Yellow
928.82,3199,Yellow
929.25,3212,Yellow
929.69,3254,Yellow
930.12,3225,Yellow
930.55,3195.5,Yellow
930.99,3194.5,Yellow
931.42,3207,Yellow
931.85,3227.5,Yellow
932.29,3222,Yellow
932.72,3206.5,Yellow
933.15,3200,Yellow
933.59,3217,Yellow
934.02,3206,Yellow
934.45,3203.5,Yellow
934.89,3215.5,Yellow
935.32,3206.5,Yellow
935.75,3219,Yellow
936.19,3205.5,Yellow
936.62,3226,Yellow
937.05,3197.5,Yellow
937.49,3222,Yellow
937.92,3210,Yellow
938.35,3222.5,Yellow
938.79,3207,Yellow
939.22,3207.5,Yellow
939.65,3215,Yellow
940.09,3212.5,Yellow
940.52,3218,Yellow
940.95,3215.5,Yellow
941.39,3211,Yellow
941.82,3212.5,Yellow
942.25,3205.5,Yellow
942.68,3215,Yellow
943.12,3202,Yellow
943.55,3209.5,Yellow
943.98,3220,Yellow
944.42,3217.5,Yellow
944.85,3231.5,Yellow
945.28,3208,Yellow
945.71,3223.5,Yellow
946.15,3220.5,Yellow
946.58,3213.5,Yellow
947.01,3203.5,Yellow
947.44,3211.5,Yellow
947.88,3215.5,Yellow
948.31,3203,Yellow
948.74,3212,Yellow
949.18,3216.5,Yellow
949.61,3221,Yellow
950.04,3236.5,Yellow
950.47,3201,Yellow
950.9,3212,Yellow
951.34,3203,Yellow
951.77,3216.5,Yellow
952.2,3210.5,Yellow
952.63,3209.5,Yellow
953.07,3204.5,Yellow
953.5,3216.5,Yellow
953.93,3217.5,Yellow
954.36,3200.5,Yellow
954.8,3248,Yellow
955.23,3207.5,Yellow
955.66,3216.5,Yellow
956.09,3219,Yellow
956.52,3193.5,Yellow
956.96,3214.5,Yellow
957.39,3209,Yellow
957.82,3224.5,Yellow
958.25,3237.5,Yellow
958.68,3202,Yellow
959.12,3219.5,Yellow
959.55,3200,Yellow
959.98,3225.5,Yellow
960.41,3229.5,Yellow
960.84,3213,Yellow
961.27,3208.5,Yellow
961.71,3206.5,Yellow
962.14,3248,Yellow
962.57,3208.5,Yellow
963,3203,Yellow
963.43,3213.5,Yellow
963.86,3197,Yellow
964.3,3214.5,Yellow
964.73,3206.5,Yellow
965.16,3219.5,Yellow
965.59,3208,Yellow
966.02,3210.5,Yellow
966.45,3218.5,Yellow
966.89,3228.5,Yellow
967.32,3203,Yellow
967.75,3216,Yellow
968.18,3220.5,Yellow
968.61,3211.5,Yellow
969.04,3206,Yellow
969.47,3213,Yellow
969.9,3232.5,Yellow
970.34,3205,Yellow
970.77,3212,Yellow
971.2,3211,Yellow
971.63,3220,Yellow
972.06,3213,Yellow
972.49,3222,Yellow
972.92,3206.5,Yellow
973.35,3209.5,Yellow
973.78,3204,Yellow
974.22,3206.5,Yellow
974.65,3213,Yellow
975.08,3195,Yellow
975.51,3232,Yellow
975.94,3205,Yellow
976.37,3215.5,Yellow
976.8,3210,Yellow
977.23,3203.5,Yellow
977.66,3217.5,Yellow
978.09,3217,Yellow
978.52,3206.5,Yellow
978.95,3217.5,Yellow
979.38,3219,Yellow
979.82,3214.5,Yellow
980.25,3207.5,Yellow
980.68,3227,Yellow
981.11,3218.5,Yellow
981.54,3212,Yellow
981.97,3197,Yellow
982.4,3217.5,Yellow
982.83,3206.5,Yellow
983.26,3211.5,Yellow
983.69,3219.5,Yellow
984.12,3212.5,Yellow
984.55,3217.5,Yellow
984.98,3207.5,Yellow
985.41,3211.5,Yellow
985.84,3214.5,Yellow
986.27,3192.5,Yellow
986.7,3207.5,Yellow
987.13,3209,Yellow
987.56,3210,Yellow
987.99,3216.5,Yellow
988.42,3204.5,Yellow
988.85,3217.5,Yellow
989.28,3222.5,Yellow
989.71,3200.5,Yellow
990.14,3199.5,Yellow
990.57,3226.5,Yellow
991,3213,Yellow
991.43,3211,Yellow
991.86,3226.5,Yellow
992.29,3204.5,Yellow
992.72,3213,Yellow
993.15,3194.5,Yellow
993.58,3221,Yellow
994.01,3200,Yellow
994.44,3200.5,Yellow
994.87,3229.5,Yellow
995.3,3220.5,Yellow
995.73,3205,Yellow
996.16,3216.5,Yellow
996.59,3208.5,Yellow
997.02,3215,Yellow
997.45,3210,Yellow
997.88,3212,Yellow
998.31,3201.5,Yellow
998.74,3209.5,Yellow
999.17,3211.5,Yellow
999.59,3204,Yellow
1000.02,3209,Yellow
1000.45,3202.5,Yellow
1000.88,3207,Yellow
1001.31,3203.5,Yellow
1001.74,3213,Yellow
1002.17,3214.5,Yellow
1002.6,3224,Yellow
1003.03,3219.5,Yellow
1003.46,3193,Yellow
1003.89,3217.5,Yellow
1004.32,3202,Yellow
1004.75,3229,Yellow
1005.17,3402.5,Yellow
1005.6,3207.5,Yellow
1006.03,3203.5,Yellow
1006.46,3207.5,Yellow
1006.89,3205.5,Yellow
1007.32,3215,Yellow
1007.75,3210.5,Yellow
1008.18,3201.5,Yellow
1008.61,3209.5,Yellow
1009.03,3223.5,Yellow
1009.46,3245.5,Yellow
1009.89,3209.5,Yellow
1010.32,3209,Yellow
1010.75,3213.5,Yellow
1011.18,3215.5,Yellow
1011.61,3216.5,Yellow
1012.04,3235,Yellow
1012.46,3203,Yellow
1012.89,3186.5,Yellow
1013.32,3210.5,Yellow
1013.75,3219,Yellow
1014.18,3211,Yellow
1014.61,3200,Yellow
1015.03,3222,Yellow
1015.46,3213.5,Yellow
1015.89,3210.5,Yellow
1016.32,3195,Yellow
1016.75,3197.5,Yellow
1017.18,3212,Yellow
1017.6,3213,Yellow
1018.03,3195,Yellow
1018.46,3204,Yellow
1018.89,3204.5,Yellow
1019.32,3206,Yellow
1019.75,3221.5,Yellow
1020.17,3220,Yellow
1020.6,3199.5,Yellow
1021.03,3205.5,Yellow
1021.46,3211,Yellow
1021.89,3215.5,Yellow
1022.31,3234,Yellow
1022.74,3204,Yellow
1023.17,3654,Yellow
1023.6,3214,Yellow
1024.03,3193,Yellow
1024.45,3207.5,Yellow
1024.88,3206,Yellow
1025.31,3190.5,Yellow
1025.74,3205,Yellow
1026.16,3200.5,Yellow
1026.59,3197.5,Yellow
1027.02,3209.5,Yellow
1027.45,3209.5,Yellow
1027.88,3213,Yellow
1028.3,3205,Yellow
1028.73,3244,Yellow
1029.16,3203.5,Yellow
1029.59,3220,Yellow
1030.01,3205.5,Yellow
1030.44,3215.5,Yellow
1030.87,3219,Yellow
1031.3,3199.5,Yellow
1031.72,3240,Yellow
1032.15,3195.5,Yellow
1032.58,3217.5,Yellow
1033.01,3222,Yellow
1033.43,3212,Yellow
1033.86,3215.5,Yellow
1034.29,3204,Yellow
1034.71,3209.5,Yellow
1035.14,3213,Yellow
1035.57,3216.5,Yellow
1036,3242.5,Yellow
1036.42,3205.5,Yellow
1036.85,3202,Yellow
1037.28,3218,Yellow
1037.7,3206.5,Yellow
1038.13,3207.5,Yellow
1038.56,3207.5,Yellow
1038.98,3198.5,Yellow
1039.41,3221.5,Yellow
1039.84,3203,Yellow
1040.27,3226.5,Yellow
1040.69,3224.5,Yellow
1041.12,3205,Yellow
1041.55,3193,Yellow
1041.97,3197,Yellow
1042.4,3208.5,Yellow
1042.83,3221,Yellow
1043.25,3193,Yellow
1043.68,3212.5,Yellow
1044.11,3217.5,Yellow
1044.53,3220.5,Yellow
1044.96,3212.5,Yellow
1045.39,3206.5,Yellow
1045.81,3229,Yellow
1046.24,3211,Yellow
1046.67,3212,Yellow
1047.09,3212,Yellow
1047.52,3226,Yellow
1047.94,3207,Yellow
1048.37,3206.5,Yellow
1048.8,3198.5,Yellow
1049.22,3198,Yellow
1049.65,3211.5,Yellow
1050.08,3194,Yellow
1050.5,3217,Yellow
1050.93,3214,Yellow
1051.36,3201,Yellow
1051.78,3225.5,Yellow
1052.21,3196.5,Yellow
1052.63,3193.5,Yellow
1053.06,3205.5,Yellow
1053.49,3209,Yellow
1053.91,3216.5,Yellow
1054.34,3201,Yellow
1054.76,3196,Yellow
1055.19,3224.5,Yellow
1055.62,3201,Yellow
1056.04,3206,Yellow
1056.47,3205.5,Yellow
1056.89,3204.5,Yellow
1057.32,3211.5,Yellow
1057.74,3214.5,Yellow
1058.17,3206.5,Yellow
1058.6,3210,Yellow
1059.02,3207,Yellow
1059.45,3207,Yellow
1059.87,3205.5,Yellow
1060.3,3219.5,Yellow
1060.72,3215.5,Yellow
1061.15,3220,Yellow
1061.58,3198,Yellow
1062,3213,Yellow
1062.43,3195.5,Yellow
1062.85,3212.5,Yellow
1063.28,3213.5,Yellow
1063.7,3237.5,Yellow
1064.13,3223.5,Yellow
1064.55,3205.5,Yellow
1064.98,3211,Yellow
1065.4,3201,Yellow
1065.83,3211,Yellow
1066.26,3207,Yellow
1066.68,3192,Yellow
1067.11,3195.5,Yellow
1067.53,3217.5,Yellow
1067.96,3225.5,Yellow
1068.38,3192.5,Yellow
1068.81,3230,Yellow
1069.23,3198.5,Yellow
1069.66,3187.5,Yellow
1070.08,3198.5,Yellow
1070.51,3210,Yellow
1070.93,3219.5,Yellow
1071.36,3193,Yellow
1071.78,3223,Yellow
1072.21,3210,Yellow
1072.63,3202.5,Yellow
1073.06,3203,Yellow
1073.48,3214.5,Yellow
1073.91,3213.5,Yellow
1074.33,3215,Yellow
1074.75,3221,Yellow
1075.18,3201.5,Yellow
1075.6,3207.5,Yellow
1076.03,3202.5,Yellow
1076.45,3194.5,Yellow
1076.88,3204.5,Yellow
1077.3,3195.5,Yellow
1077.73,3191.5,Yellow
1078.15,3208.5,Yellow
1078.58,3197,Yellow
1079,3202.5,Yellow
1079.43,3208,Yellow
1079.85,3201.5,Yellow
1080.27,3205.5,Yellow
1080.7,3218,Yellow
1081.12,3215.5,Yellow
1081.55,3197,Yellow
1081.97,3207,Yellow
1082.4,3206,Yellow
1082.82,3233.5,Yellow
1083.24,3206.5,Yellow
1083.67,3213,Yellow
1084.09,3215.5,Yellow
1084.52,3209,Yellow
1084.94,3215.5,Yellow
1085.37,3206,Yellow
1085.79,3213,Yellow
1086.21,3225,Yellow
1086.64,3202.5,Yellow
1087.06,3208.5,Yellow
1087.49,3215,Yellow
1087.91,3208,Yellow
1088.33,3210,Yellow
1088.76,3201.5,Yellow
1089.18,3217.5,Yellow
1089.6,3217.5,Yellow
1090.03,3219.5,Yellow
1090.45,3204.5,Yellow
1090.88,3195.5,Yellow
1091.3,3216.5,Yellow
1091.72,3201.5,Yellow
1092.15,3224,Yellow
1092.57,3220,Yellow
1092.99,3225,Yellow
1093.42,3209,Yellow
1093.84,3204,Yellow
1094.26,3207.5,Yellow
1094.69,3210,Yellow
1095.11,3216,Yellow
1095.54,3225,Yellow
1095.96,3209,Yellow
1096.38,3203.5,Yellow
1096.81,3208,Yellow
1097.23,3196,Yellow
1097.65,3198,Yellow
1098.08,3203.5,Yellow
1098.5,3215.5,Yellow
1098.92,3196,Yellow
1099.35,3215,Yellow
1099.77,3222.5,Yellow
1100.19,3207.5,Yellow
1100.61,3199,Yellow
1101.04,3211.5,Yellow
1101.46,3212,Yellow
1101.88,3207,Yellow
1102.31,3215,Yellow
1102.73,3193.5,Yellow
1103.15,3208,Yellow
1103.58,3198,Yellow
1104,3189.5,Yellow
1104.42,3195.5,Yellow
1104.85,3197.5,Yellow
1105.27,3207,Yellow
1105.69,3216.5,Yellow
1106.11,3218.5,Yellow
1106.54,3215.5,Yellow
1106.96,3229.5,Yellow
1107.38,3207,Yellow
1107.8,3205.5,Yellow
1108.23,3193,Yellow
1108.65,3207,Yellow
1109.07,3211,Yellow
1109.5,3205.5,Yellow
1109.92,3217,Yellow
1110.34,3204,Yellow
1110.76,3227.5,Yellow
1111.19,3202,Yellow
1111.61,3197.5,Yellow
1112.03,3213.5,Yellow
1112.45,3204.5,Yellow
1112.88,3217,Yellow
1113.3,3220,Yellow
1113.72,3203,Yellow
1114.14,3246,Yellow
1114.56,3218.5,Yellow
1114.99,3200.5,Yellow
1115.41,3198,Yellow
1115.83,3189.5,Yellow
1116.25,3201.5,Yellow
1116.68,3210,Yellow
1117.1,3209.5,Yellow
1117.52,3198,Yellow
1117.94,3209.5,Yellow
1118.36,3202,Yellow
1118.79,3196.5,Yellow
1119.21,3194.5,Yellow
1119.63,3194.5,Yellow
1120.05,3194.5,Yellow
1120.47,3194.5,Yellow
1120.9,3194.5,Yellow
1121.32,3194.5,Yellow
1121.74,3194.5,Yellow
1122.16,3194.5,Yellow
1122.58,3194.5,Yellow
1123,3194.5,Yellow
1123.43,3194.5,Yellow
1123.85,3194.5,Yellow
1124.27,3194.5,Yellow
1124.69,3194.5,Yellow
1125.11,3194.5,Yellow
1125.53,3194.5,Yellow
1125.96,3194.5,Yellow
1126.38,3194.5,Yellow
1126.8,3194.5,Yellow
1127.22,3194.5,Yellow
1127.64,3194.5,Yellow